None,None,None,ShipSpecial_SupplyCrate,1,0.8
None,None,None,ShipSpecial_WreckInterior_Obsolete,1,0.6
None,None,None,MushroomForest_RockWall,1,0.6
None,None,None,Mountains_IslandCaveCeiling,1,0.7
None,None,None,Mountains_IslandSand,1,0.95
None,None,None,Mountains_IslandGrass,1,0.7
None,None,None,JellyshroomCaves_Geyser,1,0.9
None,None,None,Kelp_VineBase,1,0.3
None,None,None,Dunes_CaveFloor,1,0.45
None,None,None,Mountains_IslandCaveWall,1,0.95
None,None,None,Mountains_IslandCaveFloor,1,0.9
None,None,None,Mountains_IslandRock,1,0.95
None,None,None,SafeShallows_OpenShallow_CreatureOnly,1,0.8
None,None,None,Kelp_DenseVine,1,0.2
None,None,None,Kelp_UniqueCreature,1,0.2
None,None,None,BloodKelp_WreckCreatures,1,0.8
None,None,None,JellyShroomCaves_CrabSnake,1,0.6
None,None,None,FloatingIslands_Birds,1,0.7
None,None,None,ShipSpecial_Birds,1,0.5
None,None,None,ShipSpecial_RoostBirds,1,0.5
None,None,None,UnderwaterIslands_ValleyFloor,1,0.5
None,None,None,BloodKelp_TrenchFloor,1,0.5
None,None,None,BloodKelp_TrenchWall,1,0.4
None,None,None,BloodKelp_Grass,1,0.25
None,None,None,BloodKelp_UniqueCreatures,1,0.85
None,None,None,GrassyPlateaus_TechSite,1,0.8
None,None,None,GrassyPlateaus_TechSite_Barrier,1,0.45
None,None,None,GrassyPlateaus_TechSite_Scattered,1,0.4
None,None,None,SafeShallows_TechSite_Scattered,1,0.5
None,None,None,UnderwaterIslands_ValleyWall,1,1
947f2823-c42a-45ef-94e4-52a9f1d3459c,WorldEntities/Natural/metal1.prefab,ScrapMetal,SafeShallows_SandFlat,1,0.1
947f2823-c42a-45ef-94e4-52a9f1d3459c,WorldEntities/Natural/metal1.prefab,ScrapMetal,CrashZone_Sand,1,0.2
947f2823-c42a-45ef-94e4-52a9f1d3459c,WorldEntities/Natural/metal1.prefab,ScrapMetal,CrashZone_TrenchSand,1,0.2
947f2823-c42a-45ef-94e4-52a9f1d3459c,WorldEntities/Natural/metal1.prefab,ScrapMetal,Kelp_Sand,1,0.15
947f2823-c42a-45ef-94e4-52a9f1d3459c,WorldEntities/Natural/metal1.prefab,ScrapMetal,Dunes_SandDune,1,0.06
947f2823-c42a-45ef-94e4-52a9f1d3459c,WorldEntities/Natural/metal1.prefab,ScrapMetal,GrassyPlateaus_TechSite_Scattered,1,0.075
947f2823-c42a-45ef-94e4-52a9f1d3459c,WorldEntities/Natural/metal1.prefab,ScrapMetal,CragField_Sand,1,0.1
947f2823-c42a-45ef-94e4-52a9f1d3459c,WorldEntities/Natural/metal1.prefab,ScrapMetal,KooshZone_Grass,1,0.1
7e507655-9fbf-42e0-8422-163ddd668747,WorldEntities/Natural/metal2.prefab,ScrapMetal,SafeShallows_SandFlat,1,0.1
7e507655-9fbf-42e0-8422-163ddd668747,WorldEntities/Natural/metal2.prefab,ScrapMetal,CrashZone_Sand,1,0.2
7e507655-9fbf-42e0-8422-163ddd668747,WorldEntities/Natural/metal2.prefab,ScrapMetal,CrashZone_TrenchSand,1,0.2
7e507655-9fbf-42e0-8422-163ddd668747,WorldEntities/Natural/metal2.prefab,ScrapMetal,Kelp_Sand,1,0.22
7e507655-9fbf-42e0-8422-163ddd668747,WorldEntities/Natural/metal2.prefab,ScrapMetal,Dunes_SandDune,1,0.06
7e507655-9fbf-42e0-8422-163ddd668747,WorldEntities/Natural/metal2.prefab,ScrapMetal,GrassyPlateaus_TechSite_Scattered,1,0.075
7e507655-9fbf-42e0-8422-163ddd668747,WorldEntities/Natural/metal2.prefab,ScrapMetal,CragField_Sand,1,0.1
7e507655-9fbf-42e0-8422-163ddd668747,WorldEntities/Natural/metal2.prefab,ScrapMetal,KooshZone_Grass,1,0.1
7cd86cbf-0708-41dc-84d7-58c648e25b06,WorldEntities/Natural/metal3.prefab,ScrapMetal,SafeShallows_SandFlat,1,0.1
7cd86cbf-0708-41dc-84d7-58c648e25b06,WorldEntities/Natural/metal3.prefab,ScrapMetal,CrashZone_Sand,1,0.2
7cd86cbf-0708-41dc-84d7-58c648e25b06,WorldEntities/Natural/metal3.prefab,ScrapMetal,CrashZone_TrenchSand,1,0.2
7cd86cbf-0708-41dc-84d7-58c648e25b06,WorldEntities/Natural/metal3.prefab,ScrapMetal,Kelp_Sand,1,0.22
7cd86cbf-0708-41dc-84d7-58c648e25b06,WorldEntities/Natural/metal3.prefab,ScrapMetal,Dunes_SandDune,1,0.06
7cd86cbf-0708-41dc-84d7-58c648e25b06,WorldEntities/Natural/metal3.prefab,ScrapMetal,GrassyPlateaus_TechSite_Scattered,1,0.075
7cd86cbf-0708-41dc-84d7-58c648e25b06,WorldEntities/Natural/metal3.prefab,ScrapMetal,CragField_Sand,1,0.1
7cd86cbf-0708-41dc-84d7-58c648e25b06,WorldEntities/Natural/metal3.prefab,ScrapMetal,KooshZone_Grass,1,0.1
b2d10d9b-878e-4ff8-b71f-cd578e0d2038,WorldEntities/Natural/metal4.prefab,ScrapMetal,SafeShallows_SandFlat,1,0.1
b2d10d9b-878e-4ff8-b71f-cd578e0d2038,WorldEntities/Natural/metal4.prefab,ScrapMetal,CrashZone_Sand,1,0.2
b2d10d9b-878e-4ff8-b71f-cd578e0d2038,WorldEntities/Natural/metal4.prefab,ScrapMetal,CrashZone_TrenchSand,1,0.2
b2d10d9b-878e-4ff8-b71f-cd578e0d2038,WorldEntities/Natural/metal4.prefab,ScrapMetal,Kelp_Sand,1,0.22
b2d10d9b-878e-4ff8-b71f-cd578e0d2038,WorldEntities/Natural/metal4.prefab,ScrapMetal,Dunes_SandDune,1,0.06
b2d10d9b-878e-4ff8-b71f-cd578e0d2038,WorldEntities/Natural/metal4.prefab,ScrapMetal,GrassyPlateaus_TechSite_Scattered,1,0.075
b2d10d9b-878e-4ff8-b71f-cd578e0d2038,WorldEntities/Natural/metal4.prefab,ScrapMetal,CragField_Sand,1,0.1
b2d10d9b-878e-4ff8-b71f-cd578e0d2038,WorldEntities/Natural/metal4.prefab,ScrapMetal,KooshZone_Grass,1,0.1
8ef17c52-2aa8-46b6-ada3-c3e3c4a78dd6,WorldEntities/Natural/quartz.prefab,Quartz,SafeShallows_CaveFloor,1,1
8ef17c52-2aa8-46b6-ada3-c3e3c4a78dd6,WorldEntities/Natural/quartz.prefab,Quartz,SafeShallows_CaveWall,1,1
8ef17c52-2aa8-46b6-ada3-c3e3c4a78dd6,WorldEntities/Natural/quartz.prefab,Quartz,SafeShallows_ShellTunnelHuge,1,3
8ef17c52-2aa8-46b6-ada3-c3e3c4a78dd6,WorldEntities/Natural/quartz.prefab,Quartz,Kelp_CaveFloor,1,2
8ef17c52-2aa8-46b6-ada3-c3e3c4a78dd6,WorldEntities/Natural/quartz.prefab,Quartz,GrassyPlateaus_Grass,1,1
8ef17c52-2aa8-46b6-ada3-c3e3c4a78dd6,WorldEntities/Natural/quartz.prefab,Quartz,GrassyPlateaus_CaveFloor,1,2
8ef17c52-2aa8-46b6-ada3-c3e3c4a78dd6,WorldEntities/Natural/quartz.prefab,Quartz,CrashZone_Sand,1,0.15
8ef17c52-2aa8-46b6-ada3-c3e3c4a78dd6,WorldEntities/Natural/quartz.prefab,Quartz,CrashZone_TrenchSand,1,0.3
8ef17c52-2aa8-46b6-ada3-c3e3c4a78dd6,WorldEntities/Natural/quartz.prefab,Quartz,Dunes_Grass,1,1.5
8ef17c52-2aa8-46b6-ada3-c3e3c4a78dd6,WorldEntities/Natural/quartz.prefab,Quartz,UnderwaterIslands_IslandSides,1,0.6
8ef17c52-2aa8-46b6-ada3-c3e3c4a78dd6,WorldEntities/Natural/quartz.prefab,Quartz,GrandReef_Ground,1,0.7
8ef17c52-2aa8-46b6-ada3-c3e3c4a78dd6,WorldEntities/Natural/quartz.prefab,Quartz,BloodKelp_Wall,1,0.5
8ef17c52-2aa8-46b6-ada3-c3e3c4a78dd6,WorldEntities/Natural/quartz.prefab,Quartz,BloodKelp_Roots,1,2
8ef17c52-2aa8-46b6-ada3-c3e3c4a78dd6,WorldEntities/Natural/quartz.prefab,Quartz,SeaTreaderPath_Grass,1,0.5
8ef17c52-2aa8-46b6-ada3-c3e3c4a78dd6,WorldEntities/Natural/quartz.prefab,Quartz,SeaTreaderPath_CaveFloor,1,0.3
8ef17c52-2aa8-46b6-ada3-c3e3c4a78dd6,WorldEntities/Natural/quartz.prefab,Quartz,GhostTree_Ground,1,0.25
8ef17c52-2aa8-46b6-ada3-c3e3c4a78dd6,WorldEntities/Natural/quartz.prefab,Quartz,BonesField_Corridor_Ground,1,0.2
8ef17c52-2aa8-46b6-ada3-c3e3c4a78dd6,WorldEntities/Natural/quartz.prefab,Quartz,BonesField_Ground,1,0.3
8ef17c52-2aa8-46b6-ada3-c3e3c4a78dd6,WorldEntities/Natural/quartz.prefab,Quartz,LostRiverJunction_Ground,1,0.5
8ef17c52-2aa8-46b6-ada3-c3e3c4a78dd6,WorldEntities/Natural/quartz.prefab,Quartz,LostRiverJunction_Roots,1,0.3
8ef17c52-2aa8-46b6-ada3-c3e3c4a78dd6,WorldEntities/Natural/quartz.prefab,Quartz,SkeletonCave_Ground,1,0.2
8ef17c52-2aa8-46b6-ada3-c3e3c4a78dd6,WorldEntities/Natural/quartz.prefab,Quartz,SkeletonCave_Wall,1,0.2
8ef17c52-2aa8-46b6-ada3-c3e3c4a78dd6,WorldEntities/Natural/quartz.prefab,Quartz,SkeletonCave_Ceiling,1,0.15
8ef17c52-2aa8-46b6-ada3-c3e3c4a78dd6,WorldEntities/Natural/quartz.prefab,Quartz,Canyon_Ground,1,0.3
8ef17c52-2aa8-46b6-ada3-c3e3c4a78dd6,WorldEntities/Natural/quartz.prefab,Quartz,Canyon_Wall,2,0.2
8ef17c52-2aa8-46b6-ada3-c3e3c4a78dd6,WorldEntities/Natural/quartz.prefab,Quartz,Canyon_Ceiling,1,0.3
8ef17c52-2aa8-46b6-ada3-c3e3c4a78dd6,WorldEntities/Natural/quartz.prefab,Quartz,BonesField_Lake_Floor,1,0.2
8ef17c52-2aa8-46b6-ada3-c3e3c4a78dd6,WorldEntities/Natural/quartz.prefab,Quartz,CragField_Sand,1,0.1
8ef17c52-2aa8-46b6-ada3-c3e3c4a78dd6,WorldEntities/Natural/quartz.prefab,Quartz,CragField_Grass,1,0.6
8ef17c52-2aa8-46b6-ada3-c3e3c4a78dd6,WorldEntities/Natural/quartz.prefab,Quartz,Mesas_Side,1,1
8ef17c52-2aa8-46b6-ada3-c3e3c4a78dd6,WorldEntities/Natural/quartz.prefab,Quartz,LostRiverCorridor_Ground,1,0.4
8ef17c52-2aa8-46b6-ada3-c3e3c4a78dd6,WorldEntities/Natural/quartz.prefab,Quartz,LostRiverCorridor_Roots,1,0.4
8ef17c52-2aa8-46b6-ada3-c3e3c4a78dd6,WorldEntities/Natural/quartz.prefab,Quartz,InactiveLavaZone_LavaPit_Wall,1,0.2
8ef17c52-2aa8-46b6-ada3-c3e3c4a78dd6,WorldEntities/Natural/quartz.prefab,Quartz,SparseReef_DeepWall,1,0.8
8ef17c52-2aa8-46b6-ada3-c3e3c4a78dd6,WorldEntities/Natural/quartz.prefab,Quartz,Dunes_CaveFloor,1,1
7e07fce9-0ad6-4c54-9da7-e43eb1e38cea,WorldEntities/Natural/limestone.prefab,LimestoneChunk,SafeShallows_Wall,1,0.85
7e07fce9-0ad6-4c54-9da7-e43eb1e38cea,WorldEntities/Natural/limestone.prefab,LimestoneChunk,SafeShallows_ShellTunnel,1,1.5
7e07fce9-0ad6-4c54-9da7-e43eb1e38cea,WorldEntities/Natural/limestone.prefab,LimestoneChunk,SafeShallows_ShellTunnelHuge,1,3
7e07fce9-0ad6-4c54-9da7-e43eb1e38cea,WorldEntities/Natural/limestone.prefab,LimestoneChunk,SafeShallows_CaveWall,1,2
7e07fce9-0ad6-4c54-9da7-e43eb1e38cea,WorldEntities/Natural/limestone.prefab,LimestoneChunk,Kelp_Wall,1,0.5
7e07fce9-0ad6-4c54-9da7-e43eb1e38cea,WorldEntities/Natural/limestone.prefab,LimestoneChunk,Kelp_GrassSparse,1,0.5
7e07fce9-0ad6-4c54-9da7-e43eb1e38cea,WorldEntities/Natural/limestone.prefab,LimestoneChunk,Kelp_CaveFloor,1,4
7e07fce9-0ad6-4c54-9da7-e43eb1e38cea,WorldEntities/Natural/limestone.prefab,LimestoneChunk,CrashZone_Sand,1,0.25
7e07fce9-0ad6-4c54-9da7-e43eb1e38cea,WorldEntities/Natural/limestone.prefab,LimestoneChunk,CrashZone_Rock,1,0.4
7e07fce9-0ad6-4c54-9da7-e43eb1e38cea,WorldEntities/Natural/limestone.prefab,LimestoneChunk,CrashZone_TrenchRock,1,0.2
7e07fce9-0ad6-4c54-9da7-e43eb1e38cea,WorldEntities/Natural/limestone.prefab,LimestoneChunk,GrassyPlateaus_Wall,1,0.8
7e07fce9-0ad6-4c54-9da7-e43eb1e38cea,WorldEntities/Natural/limestone.prefab,LimestoneChunk,GrassyPlateaus_CaveWall,1,0.2
7e07fce9-0ad6-4c54-9da7-e43eb1e38cea,WorldEntities/Natural/limestone.prefab,LimestoneChunk,MushroomForest_Sand,1,0.2
7e07fce9-0ad6-4c54-9da7-e43eb1e38cea,WorldEntities/Natural/limestone.prefab,LimestoneChunk,GrassyPlateaus_CaveCeiling,1,0.2
7e07fce9-0ad6-4c54-9da7-e43eb1e38cea,WorldEntities/Natural/limestone.prefab,LimestoneChunk,SparseReef_Wall,1,0.4
7e07fce9-0ad6-4c54-9da7-e43eb1e38cea,WorldEntities/Natural/limestone.prefab,LimestoneChunk,Dunes_SandPlateau,1,0.8
7e07fce9-0ad6-4c54-9da7-e43eb1e38cea,WorldEntities/Natural/limestone.prefab,LimestoneChunk,UnderwaterIslands_ValleyWall,1,0.4
7e07fce9-0ad6-4c54-9da7-e43eb1e38cea,WorldEntities/Natural/limestone.prefab,LimestoneChunk,SeaTreaderPath_Rock,1,0.5
7e07fce9-0ad6-4c54-9da7-e43eb1e38cea,WorldEntities/Natural/limestone.prefab,LimestoneChunk,SeaTreaderPath_CaveWall,1,0.3
7e07fce9-0ad6-4c54-9da7-e43eb1e38cea,WorldEntities/Natural/limestone.prefab,LimestoneChunk,SeaTreaderPath_CaveCeiling,1,0.3
7e07fce9-0ad6-4c54-9da7-e43eb1e38cea,WorldEntities/Natural/limestone.prefab,LimestoneChunk,GrandReef_Wall,1,0.25
7e07fce9-0ad6-4c54-9da7-e43eb1e38cea,WorldEntities/Natural/limestone.prefab,LimestoneChunk,CragField_Rock,1,0.5
7e07fce9-0ad6-4c54-9da7-e43eb1e38cea,WorldEntities/Natural/limestone.prefab,LimestoneChunk,Mesas_Side,1,1
7e07fce9-0ad6-4c54-9da7-e43eb1e38cea,WorldEntities/Natural/limestone.prefab,LimestoneChunk,BonesField_Corridor_Ground,1,0.5
7e07fce9-0ad6-4c54-9da7-e43eb1e38cea,WorldEntities/Natural/limestone.prefab,LimestoneChunk,LostRiverJunction_Ground,1,0.4
7e07fce9-0ad6-4c54-9da7-e43eb1e38cea,WorldEntities/Natural/limestone.prefab,LimestoneChunk,Dunes_Rock,1,1.3
7e07fce9-0ad6-4c54-9da7-e43eb1e38cea,WorldEntities/Natural/limestone.prefab,LimestoneChunk,Dunes_CaveCeiling,1,1.2
f654e870-3101-4ff3-8bb4-528dceef43a5,WorldEntities/Natural/salt.prefab,Salt,CrashZone_Sand,1,0.3
f654e870-3101-4ff3-8bb4-528dceef43a5,WorldEntities/Natural/salt.prefab,Salt,Kelp_Sand,1,0.8
f654e870-3101-4ff3-8bb4-528dceef43a5,WorldEntities/Natural/salt.prefab,Salt,GrassyPlateaus_Sand,1,0.4
f654e870-3101-4ff3-8bb4-528dceef43a5,WorldEntities/Natural/salt.prefab,Salt,MushroomForest_Sand,1,0.6
f654e870-3101-4ff3-8bb4-528dceef43a5,WorldEntities/Natural/salt.prefab,Salt,KooshZone_Sand,1,1
f654e870-3101-4ff3-8bb4-528dceef43a5,WorldEntities/Natural/salt.prefab,Salt,SparseReef_Sand,1,0.5
f654e870-3101-4ff3-8bb4-528dceef43a5,WorldEntities/Natural/salt.prefab,Salt,Dunes_SandDune,1,0.5
f654e870-3101-4ff3-8bb4-528dceef43a5,WorldEntities/Natural/salt.prefab,Salt,UnderwaterIslands_IslandTop,1,0.6
f654e870-3101-4ff3-8bb4-528dceef43a5,WorldEntities/Natural/salt.prefab,Salt,GrandReef_Grass,1,0.75
f654e870-3101-4ff3-8bb4-528dceef43a5,WorldEntities/Natural/salt.prefab,Salt,SeaTreaderPath_Sand,1,0.5
f654e870-3101-4ff3-8bb4-528dceef43a5,WorldEntities/Natural/salt.prefab,Salt,SeaTreaderPath_CaveFloor,1,1
f654e870-3101-4ff3-8bb4-528dceef43a5,WorldEntities/Natural/salt.prefab,Salt,BloodKelp_Grass,1,0.2
f654e870-3101-4ff3-8bb4-528dceef43a5,WorldEntities/Natural/salt.prefab,Salt,Mountains_IslandSand,1,0.05
f654e870-3101-4ff3-8bb4-528dceef43a5,WorldEntities/Natural/salt.prefab,Salt,CragField_Sand,1,0.2
f654e870-3101-4ff3-8bb4-528dceef43a5,WorldEntities/Natural/salt.prefab,Salt,CragField_Grass,1,0.2
f654e870-3101-4ff3-8bb4-528dceef43a5,WorldEntities/Natural/salt.prefab,Salt,GrassyPlateaus_CaveFloor,1,0.5
5b702ef7-7403-49ee-99c5-1f67ab04954a,WorldEntities/Natural/sandstone.prefab,SandstoneChunk,SafeShallows_CaveSpecial,1,3
5b702ef7-7403-49ee-99c5-1f67ab04954a,WorldEntities/Natural/sandstone.prefab,SandstoneChunk,Kelp_Wall,1,0.25
5b702ef7-7403-49ee-99c5-1f67ab04954a,WorldEntities/Natural/sandstone.prefab,SandstoneChunk,Kelp_CaveWall,1,2
5b702ef7-7403-49ee-99c5-1f67ab04954a,WorldEntities/Natural/sandstone.prefab,SandstoneChunk,Kelp_CaveSpecial,1,4
5b702ef7-7403-49ee-99c5-1f67ab04954a,WorldEntities/Natural/sandstone.prefab,SandstoneChunk,Kelp_GrassDense,1,0.6
5b702ef7-7403-49ee-99c5-1f67ab04954a,WorldEntities/Natural/sandstone.prefab,SandstoneChunk,GrassyPlateaus_Wall,1,0.5
5b702ef7-7403-49ee-99c5-1f67ab04954a,WorldEntities/Natural/sandstone.prefab,SandstoneChunk,GrassyPlateaus_Tower,1,1
5b702ef7-7403-49ee-99c5-1f67ab04954a,WorldEntities/Natural/sandstone.prefab,SandstoneChunk,GrassyPlateaus_CaveWall,1,1
5b702ef7-7403-49ee-99c5-1f67ab04954a,WorldEntities/Natural/sandstone.prefab,SandstoneChunk,GrassyPlateaus_CaveCeiling,1,0.2
5b702ef7-7403-49ee-99c5-1f67ab04954a,WorldEntities/Natural/sandstone.prefab,SandstoneChunk,MushroomForest_RockWall,1,0.5
5b702ef7-7403-49ee-99c5-1f67ab04954a,WorldEntities/Natural/sandstone.prefab,SandstoneChunk,CragField_Ground,1,0.5
5b702ef7-7403-49ee-99c5-1f67ab04954a,WorldEntities/Natural/sandstone.prefab,SandstoneChunk,CrashZone_Rock,1,0.2
5b702ef7-7403-49ee-99c5-1f67ab04954a,WorldEntities/Natural/sandstone.prefab,SandstoneChunk,UnderwaterIslands_IslandTop,1,0.5
5b702ef7-7403-49ee-99c5-1f67ab04954a,WorldEntities/Natural/sandstone.prefab,SandstoneChunk,GrandReef_Ground,1,0.3
5b702ef7-7403-49ee-99c5-1f67ab04954a,WorldEntities/Natural/sandstone.prefab,SandstoneChunk,GrandReef_Wall,1,0.15
5b702ef7-7403-49ee-99c5-1f67ab04954a,WorldEntities/Natural/sandstone.prefab,SandstoneChunk,Dunes_SandPlateau,1,0.9
5b702ef7-7403-49ee-99c5-1f67ab04954a,WorldEntities/Natural/sandstone.prefab,SandstoneChunk,KooshZone_RockWall,1,1
5b702ef7-7403-49ee-99c5-1f67ab04954a,WorldEntities/Natural/sandstone.prefab,SandstoneChunk,Mountains_Rock,1,0.15
5b702ef7-7403-49ee-99c5-1f67ab04954a,WorldEntities/Natural/sandstone.prefab,SandstoneChunk,Mountains_Sand,1,0.2
5b702ef7-7403-49ee-99c5-1f67ab04954a,WorldEntities/Natural/sandstone.prefab,SandstoneChunk,Mesas_Side,1,1
5b702ef7-7403-49ee-99c5-1f67ab04954a,WorldEntities/Natural/sandstone.prefab,SandstoneChunk,LostRiverCorridor_Ground,1,0.4
5b702ef7-7403-49ee-99c5-1f67ab04954a,WorldEntities/Natural/sandstone.prefab,SandstoneChunk,TreeCove_Ground,1,0.3
5b702ef7-7403-49ee-99c5-1f67ab04954a,WorldEntities/Natural/sandstone.prefab,SandstoneChunk,BonesField_Ground,1,0.3
5b702ef7-7403-49ee-99c5-1f67ab04954a,WorldEntities/Natural/sandstone.prefab,SandstoneChunk,SeaTreaderPath_Sand,1,0.4
5b702ef7-7403-49ee-99c5-1f67ab04954a,WorldEntities/Natural/sandstone.prefab,SandstoneChunk,SparseReef_DeepFloor,1,0.75
5b702ef7-7403-49ee-99c5-1f67ab04954a,WorldEntities/Natural/sandstone.prefab,SandstoneChunk,Dunes_Rock,1,1.3
5b702ef7-7403-49ee-99c5-1f67ab04954a,WorldEntities/Natural/sandstone.prefab,SandstoneChunk,Dunes_CaveCeiling,1,1.2
5b702ef7-7403-49ee-99c5-1f67ab04954a,WorldEntities/Natural/sandstone.prefab,SandstoneChunk,GhostTree_Ground,1,0.3
f78942c3-87e7-4015-865a-5ae4d8bd9dcb,WorldEntities/Creatures/ReaperLeviathan.prefab,ReaperLeviathan,ShipSpecial_Wreck_Obsolete,1,0
f78942c3-87e7-4015-865a-5ae4d8bd9dcb,WorldEntities/Creatures/ReaperLeviathan.prefab,ReaperLeviathan,CrashZone_Sand,1,0
f78942c3-87e7-4015-865a-5ae4d8bd9dcb,WorldEntities/Creatures/ReaperLeviathan.prefab,ReaperLeviathan,CrashZone_Rock,1,0
f78942c3-87e7-4015-865a-5ae4d8bd9dcb,WorldEntities/Creatures/ReaperLeviathan.prefab,ReaperLeviathan,CrashZone_TrenchSand,1,0
f78942c3-87e7-4015-865a-5ae4d8bd9dcb,WorldEntities/Creatures/ReaperLeviathan.prefab,ReaperLeviathan,Mountains_Rock,1,0
15a3e67b-0c76-4e8d-889e-66bc54213dac,WorldEntities/Natural/SupplyCrate_FirstAidKit.prefab,None,ShipSpecial_SupplyCrate,1,0.05
15a3e67b-0c76-4e8d-889e-66bc54213dac,WorldEntities/Natural/SupplyCrate_FirstAidKit.prefab,None,ShipInterior_Platform,1,0.1
15a3e67b-0c76-4e8d-889e-66bc54213dac,WorldEntities/Natural/SupplyCrate_FirstAidKit.prefab,None,ShipSpecial_WreckInterior_Obsolete,1,0.1
15a3e67b-0c76-4e8d-889e-66bc54213dac,WorldEntities/Natural/SupplyCrate_FirstAidKit.prefab,None,CrashZone_TrenchSand,1,0.05
15a3e67b-0c76-4e8d-889e-66bc54213dac,WorldEntities/Natural/SupplyCrate_FirstAidKit.prefab,None,SafeShallows_EscapePod,1,0
15a3e67b-0c76-4e8d-889e-66bc54213dac,WorldEntities/Natural/SupplyCrate_FirstAidKit.prefab,None,Kelp_EscapePod,1,0
15a3e67b-0c76-4e8d-889e-66bc54213dac,WorldEntities/Natural/SupplyCrate_FirstAidKit.prefab,None,ShipInterior_LivingArea,1,0.2
15a3e67b-0c76-4e8d-889e-66bc54213dac,WorldEntities/Natural/SupplyCrate_FirstAidKit.prefab,None,ShipInterior_LivingArea_Barrier,1,0.3
15a3e67b-0c76-4e8d-889e-66bc54213dac,WorldEntities/Natural/SupplyCrate_FirstAidKit.prefab,None,SafeShallows_TechSite,1,0.02
15a3e67b-0c76-4e8d-889e-66bc54213dac,WorldEntities/Natural/SupplyCrate_FirstAidKit.prefab,None,UnderwaterIslands_TechSite,1,0.03
15a3e67b-0c76-4e8d-889e-66bc54213dac,WorldEntities/Natural/SupplyCrate_FirstAidKit.prefab,None,UnderwaterIslands_TechSite_Barrier,1,0.03
580154dd-b2a3-4da1-be14-9a22e20385c8,WorldEntities/Natural/SupplyCrate_Battery.prefab,None,ShipSpecial_SupplyCrate,1,0.05
580154dd-b2a3-4da1-be14-9a22e20385c8,WorldEntities/Natural/SupplyCrate_Battery.prefab,None,ShipInterior_Platform,1,0.075
580154dd-b2a3-4da1-be14-9a22e20385c8,WorldEntities/Natural/SupplyCrate_Battery.prefab,None,ShipSpecial_WreckInterior_Obsolete,1,0.1
580154dd-b2a3-4da1-be14-9a22e20385c8,WorldEntities/Natural/SupplyCrate_Battery.prefab,None,CrashZone_TrenchSand,1,0.05
580154dd-b2a3-4da1-be14-9a22e20385c8,WorldEntities/Natural/SupplyCrate_Battery.prefab,None,ShipInterior_Corridor,1,0.3
580154dd-b2a3-4da1-be14-9a22e20385c8,WorldEntities/Natural/SupplyCrate_Battery.prefab,None,ShipInterior_Corridor_Barrier,1,0.6
580154dd-b2a3-4da1-be14-9a22e20385c8,WorldEntities/Natural/SupplyCrate_Battery.prefab,None,KooshZone_TechSite_Barrier,1,0.1
9ba6541e-193c-4744-9d4f-43c6e9f44d72,WorldEntities/Natural/SupplyCrate_DisinfectedWater.prefab,None,ShipSpecial_SupplyCrate,1,0.05
9ba6541e-193c-4744-9d4f-43c6e9f44d72,WorldEntities/Natural/SupplyCrate_DisinfectedWater.prefab,None,ShipInterior_Platform,1,0.1
9ba6541e-193c-4744-9d4f-43c6e9f44d72,WorldEntities/Natural/SupplyCrate_DisinfectedWater.prefab,None,ShipSpecial_WreckInterior_Obsolete,1,0.1
9ba6541e-193c-4744-9d4f-43c6e9f44d72,WorldEntities/Natural/SupplyCrate_DisinfectedWater.prefab,None,CrashZone_TrenchSand,1,0.05
9ba6541e-193c-4744-9d4f-43c6e9f44d72,WorldEntities/Natural/SupplyCrate_DisinfectedWater.prefab,None,ShipInterior_LivingArea,1,0.2
9ba6541e-193c-4744-9d4f-43c6e9f44d72,WorldEntities/Natural/SupplyCrate_DisinfectedWater.prefab,None,ShipInterior_LivingArea_Barrier,1,0.3
9ba6541e-193c-4744-9d4f-43c6e9f44d72,WorldEntities/Natural/SupplyCrate_DisinfectedWater.prefab,None,ShipInterior_GenericRoom,1,0.5
9ba6541e-193c-4744-9d4f-43c6e9f44d72,WorldEntities/Natural/SupplyCrate_DisinfectedWater.prefab,None,ShipInterior_GenericRoom_Barrier,1,0.7
9ba6541e-193c-4744-9d4f-43c6e9f44d72,WorldEntities/Natural/SupplyCrate_DisinfectedWater.prefab,None,ShipInterior_Cargo,1,0.8
9ba6541e-193c-4744-9d4f-43c6e9f44d72,WorldEntities/Natural/SupplyCrate_DisinfectedWater.prefab,None,GrassyPlateaus_TechSite,1,0.04
9ba6541e-193c-4744-9d4f-43c6e9f44d72,WorldEntities/Natural/SupplyCrate_DisinfectedWater.prefab,None,GrassyPlateaus_TechSite_Barrier,1,0.1
9ba6541e-193c-4744-9d4f-43c6e9f44d72,WorldEntities/Natural/SupplyCrate_DisinfectedWater.prefab,None,Mountains_TechSite,1,0.08
9ba6541e-193c-4744-9d4f-43c6e9f44d72,WorldEntities/Natural/SupplyCrate_DisinfectedWater.prefab,None,Dunes_TechSite,1,0.1
9ba6541e-193c-4744-9d4f-43c6e9f44d72,WorldEntities/Natural/SupplyCrate_DisinfectedWater.prefab,None,KooshZone_TechSite,1,0.08
9ba6541e-193c-4744-9d4f-43c6e9f44d72,WorldEntities/Natural/SupplyCrate_DisinfectedWater.prefab,None,SparseReef_Techsite,1,0.06
9ba6541e-193c-4744-9d4f-43c6e9f44d72,WorldEntities/Natural/SupplyCrate_DisinfectedWater.prefab,None,Mountains_TechSite_Scatter,1,0.04
8c21d402-1767-4266-ada6-b3e40c798e9f,WorldEntities/Natural/SupplyCrate_PowerCell.prefab,None,ShipSpecial_WreckInterior_Obsolete,1,0.05
8c21d402-1767-4266-ada6-b3e40c798e9f,WorldEntities/Natural/SupplyCrate_PowerCell.prefab,None,CrashZone_TrenchSand,1,0.025
8c21d402-1767-4266-ada6-b3e40c798e9f,WorldEntities/Natural/SupplyCrate_PowerCell.prefab,None,ShipInterior_AuxPowerRoom,1,0.3
8c21d402-1767-4266-ada6-b3e40c798e9f,WorldEntities/Natural/SupplyCrate_PowerCell.prefab,None,ShipInterior_AuxPowerRoom_Barrier,1,0.4
8c21d402-1767-4266-ada6-b3e40c798e9f,WorldEntities/Natural/SupplyCrate_PowerCell.prefab,None,ShipInterior_ExoRoom,1,0.2
8c21d402-1767-4266-ada6-b3e40c798e9f,WorldEntities/Natural/SupplyCrate_PowerCell.prefab,None,ShipInterior_ExoRoomPipes_Barrier,1,0.4
f65beedb-2d76-466b-abc8-37c474228157,WorldEntities/Natural/lithium.prefab,Lithium,MushroomForest_RockWall,1,0.3
f65beedb-2d76-466b-abc8-37c474228157,WorldEntities/Natural/lithium.prefab,Lithium,MushroomForest_CaveWall,1,1
f65beedb-2d76-466b-abc8-37c474228157,WorldEntities/Natural/lithium.prefab,Lithium,MushroomForest_GiantTreeInteriorSpecial,1,1
f65beedb-2d76-466b-abc8-37c474228157,WorldEntities/Natural/lithium.prefab,Lithium,MushroomForest_MushroomTreeTrunk,1,0.4
f65beedb-2d76-466b-abc8-37c474228157,WorldEntities/Natural/lithium.prefab,Lithium,MushroomForest_CoralRoot,1,1
f65beedb-2d76-466b-abc8-37c474228157,WorldEntities/Natural/lithium.prefab,Lithium,KooshZone_Grass,1,0.2
f65beedb-2d76-466b-abc8-37c474228157,WorldEntities/Natural/lithium.prefab,Lithium,JellyshroomCaves_CaveSand,1,0.3
f65beedb-2d76-466b-abc8-37c474228157,WorldEntities/Natural/lithium.prefab,Lithium,SparseReef_DeepFloor,1,0.5
f65beedb-2d76-466b-abc8-37c474228157,WorldEntities/Natural/lithium.prefab,Lithium,Dunes_ThermalVent_Rock,1,1
f65beedb-2d76-466b-abc8-37c474228157,WorldEntities/Natural/lithium.prefab,Lithium,Mountains_IslandCaveCeiling,1,0
f65beedb-2d76-466b-abc8-37c474228157,WorldEntities/Natural/lithium.prefab,Lithium,Mountains_IslandCaveWall,1,0.2
f65beedb-2d76-466b-abc8-37c474228157,WorldEntities/Natural/lithium.prefab,Lithium,Mountains_ThermalVent,1,2
f65beedb-2d76-466b-abc8-37c474228157,WorldEntities/Natural/lithium.prefab,Lithium,CragField_Rock,1,0.1
f65beedb-2d76-466b-abc8-37c474228157,WorldEntities/Natural/lithium.prefab,Lithium,GhostTree_Lake_Floor,1,0.4
f65beedb-2d76-466b-abc8-37c474228157,WorldEntities/Natural/lithium.prefab,Lithium,BonesField_ThermalVent,1,1.5
f65beedb-2d76-466b-abc8-37c474228157,WorldEntities/Natural/lithium.prefab,Lithium,LostRiverJunction_ThermalVent,1,1
f65beedb-2d76-466b-abc8-37c474228157,WorldEntities/Natural/lithium.prefab,Lithium,LostRiverCorridor_ThermalVents,1,2
f65beedb-2d76-466b-abc8-37c474228157,WorldEntities/Natural/lithium.prefab,Lithium,UnderwaterIslands_IslandCaveWall,1,1
f65beedb-2d76-466b-abc8-37c474228157,WorldEntities/Natural/lithium.prefab,Lithium,InactiveLavaZone_LavaPit_Wall,1,0.15
f65beedb-2d76-466b-abc8-37c474228157,WorldEntities/Natural/lithium.prefab,Lithium,Dunes_ThermalVent,1,1.2
814fa303-8697-48ef-b126-cf22e703cefd,WorldEntities/Natural/shale.prefab,ShaleChunk,CrashZone_TrenchRock,1,0.1
814fa303-8697-48ef-b126-cf22e703cefd,WorldEntities/Natural/shale.prefab,ShaleChunk,MushroomForest_RockWall,1,0.5
814fa303-8697-48ef-b126-cf22e703cefd,WorldEntities/Natural/shale.prefab,ShaleChunk,MushroomForest_CaveWall,1,2
814fa303-8697-48ef-b126-cf22e703cefd,WorldEntities/Natural/shale.prefab,ShaleChunk,MushroomForest_CaveSpecial,1,1
814fa303-8697-48ef-b126-cf22e703cefd,WorldEntities/Natural/shale.prefab,ShaleChunk,MushroomForest_GiantTreeExterior,1,0.5
814fa303-8697-48ef-b126-cf22e703cefd,WorldEntities/Natural/shale.prefab,ShaleChunk,MushroomForest_GiantTreeInteriorFloor,1,0.5
814fa303-8697-48ef-b126-cf22e703cefd,WorldEntities/Natural/shale.prefab,ShaleChunk,MushroomForest_GiantTreeInteriorWall,1,0.5
814fa303-8697-48ef-b126-cf22e703cefd,WorldEntities/Natural/shale.prefab,ShaleChunk,KooshZone_CaveWall,1,1
814fa303-8697-48ef-b126-cf22e703cefd,WorldEntities/Natural/shale.prefab,ShaleChunk,KooshZone_RockWall,1,0.4
814fa303-8697-48ef-b126-cf22e703cefd,WorldEntities/Natural/shale.prefab,ShaleChunk,KooshZone_Geyser,1,1
814fa303-8697-48ef-b126-cf22e703cefd,WorldEntities/Natural/shale.prefab,ShaleChunk,JellyshroomCaves_Geyser,1,0.6
814fa303-8697-48ef-b126-cf22e703cefd,WorldEntities/Natural/shale.prefab,ShaleChunk,JellyshroomCaves_CaveSand,1,1
814fa303-8697-48ef-b126-cf22e703cefd,WorldEntities/Natural/shale.prefab,ShaleChunk,JellyshroomCaves_CaveWall,1,0.2
814fa303-8697-48ef-b126-cf22e703cefd,WorldEntities/Natural/shale.prefab,ShaleChunk,JellyshroomCaves_CaveFloor,1,0.6
814fa303-8697-48ef-b126-cf22e703cefd,WorldEntities/Natural/shale.prefab,ShaleChunk,UnderwaterIslands_IslandTop,1,0.5
814fa303-8697-48ef-b126-cf22e703cefd,WorldEntities/Natural/shale.prefab,ShaleChunk,UnderwaterIslands_CaveFloor_Obsolete,1,1.5
814fa303-8697-48ef-b126-cf22e703cefd,WorldEntities/Natural/shale.prefab,ShaleChunk,UnderwaterIslands_IslandCaveWall,1,0.5
814fa303-8697-48ef-b126-cf22e703cefd,WorldEntities/Natural/shale.prefab,ShaleChunk,CragField_Rock,1,0.35
814fa303-8697-48ef-b126-cf22e703cefd,WorldEntities/Natural/shale.prefab,ShaleChunk,Mesas_Side,1,1
814fa303-8697-48ef-b126-cf22e703cefd,WorldEntities/Natural/shale.prefab,ShaleChunk,SparseReef_Wall,1,0.25
814fa303-8697-48ef-b126-cf22e703cefd,WorldEntities/Natural/shale.prefab,ShaleChunk,GrandReef_Ground,1,0.1
814fa303-8697-48ef-b126-cf22e703cefd,WorldEntities/Natural/shale.prefab,ShaleChunk,GrandReef_CaveWall,1,1.5
814fa303-8697-48ef-b126-cf22e703cefd,WorldEntities/Natural/shale.prefab,ShaleChunk,BloodKelp_CaveWall,1,0.6
814fa303-8697-48ef-b126-cf22e703cefd,WorldEntities/Natural/shale.prefab,ShaleChunk,LostRiverCorridor_Wall,1,0.15
814fa303-8697-48ef-b126-cf22e703cefd,WorldEntities/Natural/shale.prefab,ShaleChunk,BonesField_Corridor_Wall,1,0.15
814fa303-8697-48ef-b126-cf22e703cefd,WorldEntities/Natural/shale.prefab,ShaleChunk,LostRiverJunction_Wall,1,0.15
814fa303-8697-48ef-b126-cf22e703cefd,WorldEntities/Natural/shale.prefab,ShaleChunk,GhostTree_Wall,1,0.2
814fa303-8697-48ef-b126-cf22e703cefd,WorldEntities/Natural/shale.prefab,ShaleChunk,Mountains_Sand,1,0.1
814fa303-8697-48ef-b126-cf22e703cefd,WorldEntities/Natural/shale.prefab,ShaleChunk,Mountains_Rock,1,0.1
814fa303-8697-48ef-b126-cf22e703cefd,WorldEntities/Natural/shale.prefab,ShaleChunk,Mountains_CaveWall,1,0.8
814fa303-8697-48ef-b126-cf22e703cefd,WorldEntities/Natural/shale.prefab,ShaleChunk,Mountains_ThermalVent,1,3
814fa303-8697-48ef-b126-cf22e703cefd,WorldEntities/Natural/shale.prefab,ShaleChunk,Mountains_IslandCaveWall,1,0.3
814fa303-8697-48ef-b126-cf22e703cefd,WorldEntities/Natural/shale.prefab,ShaleChunk,SeaTreaderPath_Rock,1,0.3
814fa303-8697-48ef-b126-cf22e703cefd,WorldEntities/Natural/shale.prefab,ShaleChunk,SeaTreaderPath_CaveWall,1,0.3
814fa303-8697-48ef-b126-cf22e703cefd,WorldEntities/Natural/shale.prefab,ShaleChunk,SeaTreaderPath_CaveCeiling,1,0.3
814fa303-8697-48ef-b126-cf22e703cefd,WorldEntities/Natural/shale.prefab,ShaleChunk,BloodKelp_Floor,1,0.1
814fa303-8697-48ef-b126-cf22e703cefd,WorldEntities/Natural/shale.prefab,ShaleChunk,BloodKelp_Wall,1,0.15
814fa303-8697-48ef-b126-cf22e703cefd,WorldEntities/Natural/shale.prefab,ShaleChunk,InactiveLavaZone_Chamber_Floor,1,0.25
814fa303-8697-48ef-b126-cf22e703cefd,WorldEntities/Natural/shale.prefab,ShaleChunk,SparseReef_DeepWall,1,1
bc70e8c8-f750-4c8e-81c1-4884fe1af34e,WorldEntities/Natural/FirstAidKit.prefab,FirstAidKit,Medkit_Storage,1,1000
049d2afa-ae76-4eef-855d-3466828654c4,WorldEntities/Tools/PowerUpgradeModule.prefab,PowerUpgradeModule,Aurora_UpgradeConsole,1,1000
47ca9b30-9bf2-4956-8f30-2407567496ac,WorldEntities/Fragments/reinforcehullfragment.prefab,ReinforceHullFragment,BloodKelp_TechSite,1,0
47ca9b30-9bf2-4956-8f30-2407567496ac,WorldEntities/Fragments/reinforcehullfragment.prefab,ReinforceHullFragment,BloodKelp_TechSite_Barrier,1,0
47ca9b30-9bf2-4956-8f30-2407567496ac,WorldEntities/Fragments/reinforcehullfragment.prefab,ReinforceHullFragment,GrandReef_TechSite,1,0
47ca9b30-9bf2-4956-8f30-2407567496ac,WorldEntities/Fragments/reinforcehullfragment.prefab,ReinforceHullFragment,GrandReef_TechSite_Barrier,1,0
47ca9b30-9bf2-4956-8f30-2407567496ac,WorldEntities/Fragments/reinforcehullfragment.prefab,ReinforceHullFragment,GrandReef_Ground,1,0
47ca9b30-9bf2-4956-8f30-2407567496ac,WorldEntities/Fragments/reinforcehullfragment.prefab,ReinforceHullFragment,GrandReef_Grass,1,0
47ca9b30-9bf2-4956-8f30-2407567496ac,WorldEntities/Fragments/reinforcehullfragment.prefab,ReinforceHullFragment,BloodKelp_Floor,1,0
47ca9b30-9bf2-4956-8f30-2407567496ac,WorldEntities/Fragments/reinforcehullfragment.prefab,ReinforceHullFragment,BloodKelp_TrenchFloor,1,0
3adf441d-01f9-4d35-a3c2-2423c0769be5,WorldEntities/Fragments/Workbench_Fragment.prefab,WorkbenchFragment,BloodKelp_TechSite,1,0.05
3adf441d-01f9-4d35-a3c2-2423c0769be5,WorldEntities/Fragments/Workbench_Fragment.prefab,WorkbenchFragment,Mountains_TechSite_Barrier,1,0.08
3adf441d-01f9-4d35-a3c2-2423c0769be5,WorldEntities/Fragments/Workbench_Fragment.prefab,WorkbenchFragment,KooshZone_TechSite,1,0.08
3adf441d-01f9-4d35-a3c2-2423c0769be5,WorldEntities/Fragments/Workbench_Fragment.prefab,WorkbenchFragment,KooshZone_TechSite_Barrier,1,0.2
3adf441d-01f9-4d35-a3c2-2423c0769be5,WorldEntities/Fragments/Workbench_Fragment.prefab,WorkbenchFragment,JellyShroomCaves_AbandonedBase_Outside,1,0.12
3adf441d-01f9-4d35-a3c2-2423c0769be5,WorldEntities/Fragments/Workbench_Fragment.prefab,WorkbenchFragment,MushroomForest_TechSite,1,0.05
3adf441d-01f9-4d35-a3c2-2423c0769be5,WorldEntities/Fragments/Workbench_Fragment.prefab,WorkbenchFragment,MushroomForest_TechSite_Barrier,1,0.12
3adf441d-01f9-4d35-a3c2-2423c0769be5,WorldEntities/Fragments/Workbench_Fragment.prefab,WorkbenchFragment,MushroomForest_Grass,1,0.05
3adf441d-01f9-4d35-a3c2-2423c0769be5,WorldEntities/Fragments/Workbench_Fragment.prefab,WorkbenchFragment,CragField_Ground,1,0.04
3adf441d-01f9-4d35-a3c2-2423c0769be5,WorldEntities/Fragments/Workbench_Fragment.prefab,WorkbenchFragment,SparseReef_Techsite,1,0.1
3adf441d-01f9-4d35-a3c2-2423c0769be5,WorldEntities/Fragments/Workbench_Fragment.prefab,WorkbenchFragment,SparseReef_Techsite_Barrier,1,0.12
3adf441d-01f9-4d35-a3c2-2423c0769be5,WorldEntities/Fragments/Workbench_Fragment.prefab,WorkbenchFragment,GrassyPlateaus_TechSite_Barrier,1,0.12
5462a145-fdc1-464d-ad61-ec81920ec7e3,WorldEntities/Natural/magnetite.prefab,Magnetite,Mountains_Grass,1,0.15
5462a145-fdc1-464d-ad61-ec81920ec7e3,WorldEntities/Natural/magnetite.prefab,Magnetite,Mountains_CaveCeiling,1,1.5
5462a145-fdc1-464d-ad61-ec81920ec7e3,WorldEntities/Natural/magnetite.prefab,Magnetite,Mountains_ThermalVent,1,1.5
5462a145-fdc1-464d-ad61-ec81920ec7e3,WorldEntities/Natural/magnetite.prefab,Magnetite,JellyshroomCaves_CaveFloor,1,0.6
5462a145-fdc1-464d-ad61-ec81920ec7e3,WorldEntities/Natural/magnetite.prefab,Magnetite,JellyshroomCaves_CaveSand,1,1.2
5462a145-fdc1-464d-ad61-ec81920ec7e3,WorldEntities/Natural/magnetite.prefab,Magnetite,JellyshroomCaves_Geyser,1,5
5462a145-fdc1-464d-ad61-ec81920ec7e3,WorldEntities/Natural/magnetite.prefab,Magnetite,BloodKelp_Wall,1,0.05
5462a145-fdc1-464d-ad61-ec81920ec7e3,WorldEntities/Natural/magnetite.prefab,Magnetite,BloodKelp_CaveWall,1,0.3
5462a145-fdc1-464d-ad61-ec81920ec7e3,WorldEntities/Natural/magnetite.prefab,Magnetite,SeaTreaderPath_Rock,1,0.15
5462a145-fdc1-464d-ad61-ec81920ec7e3,WorldEntities/Natural/magnetite.prefab,Magnetite,TreeCove_LakeFloor,1,0.3
5462a145-fdc1-464d-ad61-ec81920ec7e3,WorldEntities/Natural/magnetite.prefab,Magnetite,GhostTree_Lake_Floor,1,0.3
5462a145-fdc1-464d-ad61-ec81920ec7e3,WorldEntities/Natural/magnetite.prefab,Magnetite,InactiveLavaZone_Chamber_MagmaBubble,1,2
5462a145-fdc1-464d-ad61-ec81920ec7e3,WorldEntities/Natural/magnetite.prefab,Magnetite,InactiveLavaZone_LavaPit_Floor,1,0.4
5462a145-fdc1-464d-ad61-ec81920ec7e3,WorldEntities/Natural/magnetite.prefab,Magnetite,InactiveLavaZone_CastleChamber_Wall,1,0.3
5462a145-fdc1-464d-ad61-ec81920ec7e3,WorldEntities/Natural/magnetite.prefab,Magnetite,BonesField_Cave_Wall,1,0.2
779ef413-44b0-4eab-b94c-dfaadb1d2df0,WorldEntities/Natural/mercuryore.prefab,MercuryOre,SparseReef_Wall,1,0
779ef413-44b0-4eab-b94c-dfaadb1d2df0,WorldEntities/Natural/mercuryore.prefab,MercuryOre,Dunes_CaveWall,1,0
779ef413-44b0-4eab-b94c-dfaadb1d2df0,WorldEntities/Natural/mercuryore.prefab,MercuryOre,Dunes_CaveFloor,1,0
779ef413-44b0-4eab-b94c-dfaadb1d2df0,WorldEntities/Natural/mercuryore.prefab,MercuryOre,Dunes_CaveCeiling,1,0
779ef413-44b0-4eab-b94c-dfaadb1d2df0,WorldEntities/Natural/mercuryore.prefab,MercuryOre,GrandReef_RockShallow_Underground_Obsolete,1,0
779ef413-44b0-4eab-b94c-dfaadb1d2df0,WorldEntities/Natural/mercuryore.prefab,MercuryOre,SeaTreaderPath_CaveCeiling,1,0
779ef413-44b0-4eab-b94c-dfaadb1d2df0,WorldEntities/Natural/mercuryore.prefab,MercuryOre,SeaTreaderPath_CaveWall,1,0
779ef413-44b0-4eab-b94c-dfaadb1d2df0,WorldEntities/Natural/mercuryore.prefab,MercuryOre,BloodKelp_Grass,1,0
779ef413-44b0-4eab-b94c-dfaadb1d2df0,WorldEntities/Natural/mercuryore.prefab,MercuryOre,CragField_Rock,1,0
ac997abf-659f-4fbe-a318-64606a161d7e,WorldEntities/Fragments/PropulsionCannonJunkFragment.prefab,None,CrashZone_Sand,1,0.08
ac997abf-659f-4fbe-a318-64606a161d7e,WorldEntities/Fragments/PropulsionCannonJunkFragment.prefab,None,GrassyPlateaus_TechSite,1,0.06
ac997abf-659f-4fbe-a318-64606a161d7e,WorldEntities/Fragments/PropulsionCannonJunkFragment.prefab,None,GrassyPlateaus_TechSite_Barrier,1,0.15
ac997abf-659f-4fbe-a318-64606a161d7e,WorldEntities/Fragments/PropulsionCannonJunkFragment.prefab,None,UnderwaterIslands_TechSite,1,0.05
ac997abf-659f-4fbe-a318-64606a161d7e,WorldEntities/Fragments/PropulsionCannonJunkFragment.prefab,None,UnderwaterIslands_TechSite_Barrier,1,0.08
ac997abf-659f-4fbe-a318-64606a161d7e,WorldEntities/Fragments/PropulsionCannonJunkFragment.prefab,None,UnderwaterIslands_ValleyFloor,1,0.06
ac997abf-659f-4fbe-a318-64606a161d7e,WorldEntities/Fragments/PropulsionCannonJunkFragment.prefab,None,UnderwaterIslands_ValleyLedge,1,0.06
ac997abf-659f-4fbe-a318-64606a161d7e,WorldEntities/Fragments/PropulsionCannonJunkFragment.prefab,None,MushroomForest_TechSite,1,0.05
ac997abf-659f-4fbe-a318-64606a161d7e,WorldEntities/Fragments/PropulsionCannonJunkFragment.prefab,None,MushroomForest_TechSite_Barrier,1,0.1
ee7ef0cf-21ab-4c0c-871d-e477c5dfa1ce,WorldEntities/Natural/diamond.prefab,Diamond,DeepGrandReef_Wall,1,0.05
ee7ef0cf-21ab-4c0c-871d-e477c5dfa1ce,WorldEntities/Natural/diamond.prefab,Diamond,DeepGrandReef_RockShallow_Obsolete,1,1
ee7ef0cf-21ab-4c0c-871d-e477c5dfa1ce,WorldEntities/Natural/diamond.prefab,Diamond,GhostTree_Wall,1,0.1
ee7ef0cf-21ab-4c0c-871d-e477c5dfa1ce,WorldEntities/Natural/diamond.prefab,Diamond,GhostTree_Ceiling,1,0.1
ee7ef0cf-21ab-4c0c-871d-e477c5dfa1ce,WorldEntities/Natural/diamond.prefab,Diamond,BonesField_Wall,1,0.08
ee7ef0cf-21ab-4c0c-871d-e477c5dfa1ce,WorldEntities/Natural/diamond.prefab,Diamond,BonesField_Cave_Wall,1,0.3
ee7ef0cf-21ab-4c0c-871d-e477c5dfa1ce,WorldEntities/Natural/diamond.prefab,Diamond,LostRiverJunction_Ceiling,1,0.1
ee7ef0cf-21ab-4c0c-871d-e477c5dfa1ce,WorldEntities/Natural/diamond.prefab,Diamond,LostRiverCorridor_ThermalVents,1,2
ee7ef0cf-21ab-4c0c-871d-e477c5dfa1ce,WorldEntities/Natural/diamond.prefab,Diamond,InactiveLavaZone_LavaPit_Wall,1,0.2
ee7ef0cf-21ab-4c0c-871d-e477c5dfa1ce,WorldEntities/Natural/diamond.prefab,Diamond,InactiveLavaZone_Chamber_Lava,1,0.5
87293f19-cca3-46e6-bb3d-6e8dc579e27b,WorldEntities/Natural/aluminumoxide.prefab,AluminumOxide,GrandReef_WhiteCoral,1,0.3
87293f19-cca3-46e6-bb3d-6e8dc579e27b,WorldEntities/Natural/aluminumoxide.prefab,AluminumOxide,GrandReef_Wall,1,0.075
87293f19-cca3-46e6-bb3d-6e8dc579e27b,WorldEntities/Natural/aluminumoxide.prefab,AluminumOxide,GrandReef_BalancingRock_Unused,1,1
87293f19-cca3-46e6-bb3d-6e8dc579e27b,WorldEntities/Natural/aluminumoxide.prefab,AluminumOxide,GrandReef_BalancingRockInterior_Unused,1,1
87293f19-cca3-46e6-bb3d-6e8dc579e27b,WorldEntities/Natural/aluminumoxide.prefab,AluminumOxide,GrandReef_ThermalVent,1,1.2
87293f19-cca3-46e6-bb3d-6e8dc579e27b,WorldEntities/Natural/aluminumoxide.prefab,AluminumOxide,SeaTreaderPath_CaveWall,1,0.3
87293f19-cca3-46e6-bb3d-6e8dc579e27b,WorldEntities/Natural/aluminumoxide.prefab,AluminumOxide,SeaTreaderPath_CaveCeiling,1,0.3
87293f19-cca3-46e6-bb3d-6e8dc579e27b,WorldEntities/Natural/aluminumoxide.prefab,AluminumOxide,GhostTree_Wall,1,0.2
87293f19-cca3-46e6-bb3d-6e8dc579e27b,WorldEntities/Natural/aluminumoxide.prefab,AluminumOxide,TreeCove_Wall,1,0.2
87293f19-cca3-46e6-bb3d-6e8dc579e27b,WorldEntities/Natural/aluminumoxide.prefab,AluminumOxide,BonesField_Wall,1,0.15
87293f19-cca3-46e6-bb3d-6e8dc579e27b,WorldEntities/Natural/aluminumoxide.prefab,AluminumOxide,BonesField_ThermalVent,1,1.5
87293f19-cca3-46e6-bb3d-6e8dc579e27b,WorldEntities/Natural/aluminumoxide.prefab,AluminumOxide,LostRiverJunction_Wall,1,0.075
87293f19-cca3-46e6-bb3d-6e8dc579e27b,WorldEntities/Natural/aluminumoxide.prefab,AluminumOxide,LostRiverJunction_ThermalVent,1,1.5
87293f19-cca3-46e6-bb3d-6e8dc579e27b,WorldEntities/Natural/aluminumoxide.prefab,AluminumOxide,SkeletonCave_Wall,1,0.4
87293f19-cca3-46e6-bb3d-6e8dc579e27b,WorldEntities/Natural/aluminumoxide.prefab,AluminumOxide,SkeletonCave_Ceiling,1,0.3
87293f19-cca3-46e6-bb3d-6e8dc579e27b,WorldEntities/Natural/aluminumoxide.prefab,AluminumOxide,Canyon_Wall,1,0.3
87293f19-cca3-46e6-bb3d-6e8dc579e27b,WorldEntities/Natural/aluminumoxide.prefab,AluminumOxide,LostRiverCorridor_Ceiling,1,0.4
87293f19-cca3-46e6-bb3d-6e8dc579e27b,WorldEntities/Natural/aluminumoxide.prefab,AluminumOxide,LostRiverCorridor_Wall,1,0.1
87293f19-cca3-46e6-bb3d-6e8dc579e27b,WorldEntities/Natural/aluminumoxide.prefab,AluminumOxide,KooshZone_RockWall,1,0.1
87293f19-cca3-46e6-bb3d-6e8dc579e27b,WorldEntities/Natural/aluminumoxide.prefab,AluminumOxide,KooshZone_Geyser,1,2
87293f19-cca3-46e6-bb3d-6e8dc579e27b,WorldEntities/Natural/aluminumoxide.prefab,AluminumOxide,SparseReef_DeepWall,1,0.75
87293f19-cca3-46e6-bb3d-6e8dc579e27b,WorldEntities/Natural/aluminumoxide.prefab,AluminumOxide,Mountains_CaveWall,1,0.3
87293f19-cca3-46e6-bb3d-6e8dc579e27b,WorldEntities/Natural/aluminumoxide.prefab,AluminumOxide,GrandReef_CaveWall,1,0.6
87293f19-cca3-46e6-bb3d-6e8dc579e27b,WorldEntities/Natural/aluminumoxide.prefab,AluminumOxide,Dunes_ThermalVent_Rock,1,1
87293f19-cca3-46e6-bb3d-6e8dc579e27b,WorldEntities/Natural/aluminumoxide.prefab,AluminumOxide,BloodKelp_Wall,1,0.1
87293f19-cca3-46e6-bb3d-6e8dc579e27b,WorldEntities/Natural/aluminumoxide.prefab,AluminumOxide,BloodKelp_TrenchWall,1,0.4
87293f19-cca3-46e6-bb3d-6e8dc579e27b,WorldEntities/Natural/aluminumoxide.prefab,AluminumOxide,Mesas_Top,1,0.4
87293f19-cca3-46e6-bb3d-6e8dc579e27b,WorldEntities/Natural/aluminumoxide.prefab,AluminumOxide,UnderwaterIslands_IslandCaveFloor,1,1.5
87293f19-cca3-46e6-bb3d-6e8dc579e27b,WorldEntities/Natural/aluminumoxide.prefab,AluminumOxide,KooshZone_CaveWall,1,0.75
87293f19-cca3-46e6-bb3d-6e8dc579e27b,WorldEntities/Natural/aluminumoxide.prefab,AluminumOxide,InactiveLavaZone_Chamber_MagmaBubble,1,2
87293f19-cca3-46e6-bb3d-6e8dc579e27b,WorldEntities/Natural/aluminumoxide.prefab,AluminumOxide,InactiveLavaZone_Chamber_MagmaTree,1,0.4
87293f19-cca3-46e6-bb3d-6e8dc579e27b,WorldEntities/Natural/aluminumoxide.prefab,AluminumOxide,Dunes_ThermalVent,1,1.2
3b52098a-4b58-467c-a29a-1d1b6d92ec3e,WorldEntities/Natural/uraninitecrystal.prefab,UraniniteCrystal,GrandReef_CaveFloor,1,1
3b52098a-4b58-467c-a29a-1d1b6d92ec3e,WorldEntities/Natural/uraninitecrystal.prefab,UraniniteCrystal,GrandReef_CaveWall,1,2
3b52098a-4b58-467c-a29a-1d1b6d92ec3e,WorldEntities/Natural/uraninitecrystal.prefab,UraniniteCrystal,GrandReef_CaveCeiling,1,2
3b52098a-4b58-467c-a29a-1d1b6d92ec3e,WorldEntities/Natural/uraninitecrystal.prefab,UraniniteCrystal,DeepGrandReef_Ceiling,1,0.25
3b52098a-4b58-467c-a29a-1d1b6d92ec3e,WorldEntities/Natural/uraninitecrystal.prefab,UraniniteCrystal,DeepGrandReef_Wall,1,0.2
3b52098a-4b58-467c-a29a-1d1b6d92ec3e,WorldEntities/Natural/uraninitecrystal.prefab,UraniniteCrystal,BloodKelp_CaveFloor,1,0.5
3b52098a-4b58-467c-a29a-1d1b6d92ec3e,WorldEntities/Natural/uraninitecrystal.prefab,UraniniteCrystal,BloodKelp_CaveWall,1,0.6
3b52098a-4b58-467c-a29a-1d1b6d92ec3e,WorldEntities/Natural/uraninitecrystal.prefab,UraniniteCrystal,BloodKelp_Wall,1,0.1
3b52098a-4b58-467c-a29a-1d1b6d92ec3e,WorldEntities/Natural/uraninitecrystal.prefab,UraniniteCrystal,BloodKelp_TrenchWall,1,0.2
3b52098a-4b58-467c-a29a-1d1b6d92ec3e,WorldEntities/Natural/uraninitecrystal.prefab,UraniniteCrystal,Mountains_CaveWall,1,0.5
3b52098a-4b58-467c-a29a-1d1b6d92ec3e,WorldEntities/Natural/uraninitecrystal.prefab,UraniniteCrystal,Mountains_CaveCeiling,1,1
3b52098a-4b58-467c-a29a-1d1b6d92ec3e,WorldEntities/Natural/uraninitecrystal.prefab,UraniniteCrystal,Mountains_Rock,1,0.05
3b52098a-4b58-467c-a29a-1d1b6d92ec3e,WorldEntities/Natural/uraninitecrystal.prefab,UraniniteCrystal,TreeCove_LakeFloor,1,0.6
3b52098a-4b58-467c-a29a-1d1b6d92ec3e,WorldEntities/Natural/uraninitecrystal.prefab,UraniniteCrystal,TreeCove_LakeWall,1,0.4
3b52098a-4b58-467c-a29a-1d1b6d92ec3e,WorldEntities/Natural/uraninitecrystal.prefab,UraniniteCrystal,LostRiverJunction_Roots,1,0.4
3b52098a-4b58-467c-a29a-1d1b6d92ec3e,WorldEntities/Natural/uraninitecrystal.prefab,UraniniteCrystal,LostRiverCorridor_ThermalVents,1,2
3b52098a-4b58-467c-a29a-1d1b6d92ec3e,WorldEntities/Natural/uraninitecrystal.prefab,UraniniteCrystal,KooshZone_CaveWall,1,0.5
1a406cdc-3e96-4ce2-a24a-81404af65619,WorldEntities/Fragments/ThermalPlant_Fragment.prefab,ThermalPlantFragment,Dunes_TechSite,1,0
1a406cdc-3e96-4ce2-a24a-81404af65619,WorldEntities/Fragments/ThermalPlant_Fragment.prefab,ThermalPlantFragment,Dunes_TechSite_Barrier,1,0
1a406cdc-3e96-4ce2-a24a-81404af65619,WorldEntities/Fragments/ThermalPlant_Fragment.prefab,ThermalPlantFragment,Dunes_TechSite_Scatter,1,0.08
1a406cdc-3e96-4ce2-a24a-81404af65619,WorldEntities/Fragments/ThermalPlant_Fragment.prefab,ThermalPlantFragment,Dunes_SandDune,1,0.025
1a406cdc-3e96-4ce2-a24a-81404af65619,WorldEntities/Fragments/ThermalPlant_Fragment.prefab,ThermalPlantFragment,GrandReef_TechSite,1,0
1a406cdc-3e96-4ce2-a24a-81404af65619,WorldEntities/Fragments/ThermalPlant_Fragment.prefab,ThermalPlantFragment,GrandReef_TechSite_Barrier,1,0
1a406cdc-3e96-4ce2-a24a-81404af65619,WorldEntities/Fragments/ThermalPlant_Fragment.prefab,ThermalPlantFragment,GrandReef_TechSite_Scattered,1,0.1
1a406cdc-3e96-4ce2-a24a-81404af65619,WorldEntities/Fragments/ThermalPlant_Fragment.prefab,ThermalPlantFragment,GrandReef_Ground,1,0.01
1a406cdc-3e96-4ce2-a24a-81404af65619,WorldEntities/Fragments/ThermalPlant_Fragment.prefab,ThermalPlantFragment,GrandReef_Grass,1,0.02
1a406cdc-3e96-4ce2-a24a-81404af65619,WorldEntities/Fragments/ThermalPlant_Fragment.prefab,ThermalPlantFragment,SparseReef_Techsite_Scatter,1,0.05
1a406cdc-3e96-4ce2-a24a-81404af65619,WorldEntities/Fragments/ThermalPlant_Fragment.prefab,ThermalPlantFragment,JellyShroomCaves_AbandonedBase_Outside,1,0.1
f38898b1-2c55-4069-af58-dffa7ef315a0,WorldEntities/Fragments/BaseNuclearReactor_Fragment.prefab,BaseNuclearReactorFragment,BloodKelp_TechSite,1,0.05
f38898b1-2c55-4069-af58-dffa7ef315a0,WorldEntities/Fragments/BaseNuclearReactor_Fragment.prefab,BaseNuclearReactorFragment,BloodKelp_TechSite_Barrier,1,0.1
f38898b1-2c55-4069-af58-dffa7ef315a0,WorldEntities/Fragments/BaseNuclearReactor_Fragment.prefab,BaseNuclearReactorFragment,BloodKelp_TrenchFloor,1,0.06
f38898b1-2c55-4069-af58-dffa7ef315a0,WorldEntities/Fragments/BaseNuclearReactor_Fragment.prefab,BaseNuclearReactorFragment,JellyShroomCaves_AbandonedBase_Outside,1,0.06
f38898b1-2c55-4069-af58-dffa7ef315a0,WorldEntities/Fragments/BaseNuclearReactor_Fragment.prefab,BaseNuclearReactorFragment,BloodKelp_TechSite_Scatter,1,0.15
f38898b1-2c55-4069-af58-dffa7ef315a0,WorldEntities/Fragments/BaseNuclearReactor_Fragment.prefab,BaseNuclearReactorFragment,Mountains_TechSite_Scatter,1,0.08
f38898b1-2c55-4069-af58-dffa7ef315a0,WorldEntities/Fragments/BaseNuclearReactor_Fragment.prefab,BaseNuclearReactorFragment,SeaTreaderPath_TechSite_Scatter,1,0.05
f38898b1-2c55-4069-af58-dffa7ef315a0,WorldEntities/Fragments/BaseNuclearReactor_Fragment.prefab,BaseNuclearReactorFragment,Mountains_Sand,1,0.01
18229b4b-3ed3-4b35-ae30-43b1c31a6d8d,WorldEntities/Natural/bloodoil.prefab,BloodOil,BloodKelp_Roots,1,0.8
18229b4b-3ed3-4b35-ae30-43b1c31a6d8d,WorldEntities/Natural/bloodoil.prefab,BloodOil,BloodKelp_CaveRoots,1,0.8
18229b4b-3ed3-4b35-ae30-43b1c31a6d8d,WorldEntities/Natural/bloodoil.prefab,BloodOil,BloodKelp_TrenchRoots,1,0.8
1ce074ee-1a58-439b-bb5b-e5e3d9f0886f,WorldEntities/Natural/CrashPowder.prefab,CrashPowder,CrashHome,1,1.5
fa7fa15c-5515-497f-872d-d6d579a39f60,WorldEntities/Creatures/Jumper.prefab,Jumper,SafeShallows_CaveFloor,3,1
fa7fa15c-5515-497f-872d-d6d579a39f60,WorldEntities/Creatures/Jumper.prefab,Jumper,Kelp_CaveFloor,2,1.5
fa7fa15c-5515-497f-872d-d6d579a39f60,WorldEntities/Creatures/Jumper.prefab,Jumper,GrassyPlateaus_CaveFloor,3,1
fa7fa15c-5515-497f-872d-d6d579a39f60,WorldEntities/Creatures/Jumper.prefab,Jumper,MushroomForest_CaveCeiling,3,1
fa7fa15c-5515-497f-872d-d6d579a39f60,WorldEntities/Creatures/Jumper.prefab,Jumper,MushroomForest_CaveFloor,4,1
fa7fa15c-5515-497f-872d-d6d579a39f60,WorldEntities/Creatures/Jumper.prefab,Jumper,MushroomForest_CaveSand,3,1
fa7fa15c-5515-497f-872d-d6d579a39f60,WorldEntities/Creatures/Jumper.prefab,Jumper,MushroomForest_CaveEntrance,3,1
fa7fa15c-5515-497f-872d-d6d579a39f60,WorldEntities/Creatures/Jumper.prefab,Jumper,MushroomForest_GiantTreeInteriorFloor,3,1
fa7fa15c-5515-497f-872d-d6d579a39f60,WorldEntities/Creatures/Jumper.prefab,Jumper,MushroomForest_GiantTreeInteriorCeiling,3,1
fa7fa15c-5515-497f-872d-d6d579a39f60,WorldEntities/Creatures/Jumper.prefab,Jumper,MushroomForest_GiantTreeInteriorPlants,3,1
fa7fa15c-5515-497f-872d-d6d579a39f60,WorldEntities/Creatures/Jumper.prefab,Jumper,MushroomForest_GiantTreeInteriorEntrance,3,1
fa7fa15c-5515-497f-872d-d6d579a39f60,WorldEntities/Creatures/Jumper.prefab,Jumper,KooshZone_CaveFloor,1,0.5
fa7fa15c-5515-497f-872d-d6d579a39f60,WorldEntities/Creatures/Jumper.prefab,Jumper,KooshZone_CaveWall,1,0.5
fa7fa15c-5515-497f-872d-d6d579a39f60,WorldEntities/Creatures/Jumper.prefab,Jumper,CrashZone_Rock,1,0.3
fa7fa15c-5515-497f-872d-d6d579a39f60,WorldEntities/Creatures/Jumper.prefab,Jumper,SparseReef_Spike,3,1
fa7fa15c-5515-497f-872d-d6d579a39f60,WorldEntities/Creatures/Jumper.prefab,Jumper,SparseReef_DeepWall,3,1
fa7fa15c-5515-497f-872d-d6d579a39f60,WorldEntities/Creatures/Jumper.prefab,Jumper,Dunes_Rock,1,1
fa7fa15c-5515-497f-872d-d6d579a39f60,WorldEntities/Creatures/Jumper.prefab,Jumper,Dunes_SandPlateau,1,1
fa7fa15c-5515-497f-872d-d6d579a39f60,WorldEntities/Creatures/Jumper.prefab,Jumper,Dunes_CaveCeiling,1,0.5
fa7fa15c-5515-497f-872d-d6d579a39f60,WorldEntities/Creatures/Jumper.prefab,Jumper,Dunes_CaveWall,1,0.5
fa7fa15c-5515-497f-872d-d6d579a39f60,WorldEntities/Creatures/Jumper.prefab,Jumper,Mountains_CaveWall,1,1
fa7fa15c-5515-497f-872d-d6d579a39f60,WorldEntities/Creatures/Jumper.prefab,Jumper,Mountains_ThermalVent,1,1
fa7fa15c-5515-497f-872d-d6d579a39f60,WorldEntities/Creatures/Jumper.prefab,Jumper,Mountains_CaveFloor,1,1
fa7fa15c-5515-497f-872d-d6d579a39f60,WorldEntities/Creatures/Jumper.prefab,Jumper,SeaTreaderPath_CaveWall,1,0.5
fa7fa15c-5515-497f-872d-d6d579a39f60,WorldEntities/Creatures/Jumper.prefab,Jumper,SeaTreaderPath_CaveCeiling,1,0.5
fa7fa15c-5515-497f-872d-d6d579a39f60,WorldEntities/Creatures/Jumper.prefab,Jumper,CragField_Rock,2,0.4
fa7fa15c-5515-497f-872d-d6d579a39f60,WorldEntities/Creatures/Jumper.prefab,Jumper,PrisonAquarium_CaveFloor,2,0.4
01872776-2ff8-4214-805b-495001cf183d,WorldEntities/Creatures/RabbitRay.prefab,RabbitRay,SafeShallows_SandFlat,1,0.25
01872776-2ff8-4214-805b-495001cf183d,WorldEntities/Creatures/RabbitRay.prefab,RabbitRay,Kelp_Sand,1,0.1
01872776-2ff8-4214-805b-495001cf183d,WorldEntities/Creatures/RabbitRay.prefab,RabbitRay,PrisonAquarium_Open_CreatureOnly,1,0.2
01872776-2ff8-4214-805b-495001cf183d,WorldEntities/Creatures/RabbitRay.prefab,RabbitRay,PrisonAquarium_Sand,1,0.2
3fcd548b-781f-46ba-b076-7412608deeef,WorldEntities/Creatures/Peeper.prefab,Peeper,SafeShallows_SandFlat,2,0.6
3fcd548b-781f-46ba-b076-7412608deeef,WorldEntities/Creatures/Peeper.prefab,Peeper,SafeShallows_Wall,2,0.6
3fcd548b-781f-46ba-b076-7412608deeef,WorldEntities/Creatures/Peeper.prefab,Peeper,SafeShallows_OpenShallow_CreatureOnly,2,0.2
3fcd548b-781f-46ba-b076-7412608deeef,WorldEntities/Creatures/Peeper.prefab,Peeper,SafeShallows_ShellTunnelHuge,1,1.5
3fcd548b-781f-46ba-b076-7412608deeef,WorldEntities/Creatures/Peeper.prefab,Peeper,PrisonAquarium_Sand,2,0.6
3fcd548b-781f-46ba-b076-7412608deeef,WorldEntities/Creatures/Peeper.prefab,Peeper,PrisonAquarium_Open_CreatureOnly,2,0.3
3fcd548b-781f-46ba-b076-7412608deeef,WorldEntities/Creatures/Peeper.prefab,Peeper,Precursor_SurfaceVent_Generic,1,0.4
3fcd548b-781f-46ba-b076-7412608deeef,WorldEntities/Creatures/Peeper.prefab,Peeper,Kelp_DenseVine,1,0.3
3fcd548b-781f-46ba-b076-7412608deeef,WorldEntities/Creatures/Peeper.prefab,Peeper,Kelp_Wall,1,0.25
3fcd548b-781f-46ba-b076-7412608deeef,WorldEntities/Creatures/Peeper.prefab,Peeper,GrassyPlateaus_Grass,1,0.2
3fcd548b-781f-46ba-b076-7412608deeef,WorldEntities/Creatures/Peeper.prefab,Peeper,MushroomForest_MushroomTreeTrunk,1,0.5
3fcd548b-781f-46ba-b076-7412608deeef,WorldEntities/Creatures/Peeper.prefab,Peeper,MushroomForest_GiantTreeExterior,1,1
3fcd548b-781f-46ba-b076-7412608deeef,WorldEntities/Creatures/Peeper.prefab,Peeper,MushroomForest_GiantTreeExteriorBase,1,1
3fcd548b-781f-46ba-b076-7412608deeef,WorldEntities/Creatures/Peeper.prefab,Peeper,MushroomForest_Grass,1,0.3
3fcd548b-781f-46ba-b076-7412608deeef,WorldEntities/Creatures/Peeper.prefab,Peeper,KooshZone_RockWall,1,0.8
3fcd548b-781f-46ba-b076-7412608deeef,WorldEntities/Creatures/Peeper.prefab,Peeper,UnderwaterIslands_ValleyWall,1,0.5
3fcd548b-781f-46ba-b076-7412608deeef,WorldEntities/Creatures/Peeper.prefab,Peeper,SparseReef_Coral,1,1
3fcd548b-781f-46ba-b076-7412608deeef,WorldEntities/Creatures/Peeper.prefab,Peeper,Dunes_SandDune,1,0.3
3fcd548b-781f-46ba-b076-7412608deeef,WorldEntities/Creatures/Peeper.prefab,Peeper,Dunes_Grass,1,1
3fcd548b-781f-46ba-b076-7412608deeef,WorldEntities/Creatures/Peeper.prefab,Peeper,GrandReef_PurpleCoral,1,0.4
3fcd548b-781f-46ba-b076-7412608deeef,WorldEntities/Creatures/Peeper.prefab,Peeper,Mountains_Grass,1,1
3fcd548b-781f-46ba-b076-7412608deeef,WorldEntities/Creatures/Peeper.prefab,Peeper,Mountains_Rock,1,0.75
3fcd548b-781f-46ba-b076-7412608deeef,WorldEntities/Creatures/Peeper.prefab,Peeper,SeaTreaderPath_Sand,1,0.5
3fcd548b-781f-46ba-b076-7412608deeef,WorldEntities/Creatures/Peeper.prefab,Peeper,Mesas_Top,1,1
3fcd548b-781f-46ba-b076-7412608deeef,WorldEntities/Creatures/Peeper.prefab,Peeper,KooshZone_OpenShallow_CreatureOnly,1,0.1
3fcd548b-781f-46ba-b076-7412608deeef,WorldEntities/Creatures/Peeper.prefab,Peeper,KooshZone_OpenDeep_CreatureOnly,1,0.1
3fcd548b-781f-46ba-b076-7412608deeef,WorldEntities/Creatures/Peeper.prefab,Peeper,Mountains_OpenShallow_CreatureOnly,1,0.075
3fcd548b-781f-46ba-b076-7412608deeef,WorldEntities/Creatures/Peeper.prefab,Peeper,Mountains_OpenDeep_CreatureOnly,1,0.1
3fcd548b-781f-46ba-b076-7412608deeef,WorldEntities/Creatures/Peeper.prefab,Peeper,Dunes_OpenDeep_CreatureOnly,1,0.1
3fcd548b-781f-46ba-b076-7412608deeef,WorldEntities/Creatures/Peeper.prefab,Peeper,Dunes_OpenShallow_CreatureOnly,1,0.1
5de7d617-c04c-4a83-b663-ebf1d3dd90a1,WorldEntities/Creatures/GarryFish.prefab,GarryFish,SafeShallows_Wall,2,0.6
5de7d617-c04c-4a83-b663-ebf1d3dd90a1,WorldEntities/Creatures/GarryFish.prefab,GarryFish,UnderwaterIslands_IslandPlants,1,2
5de7d617-c04c-4a83-b663-ebf1d3dd90a1,WorldEntities/Creatures/GarryFish.prefab,GarryFish,Dunes_SandDune,1,0.5
5de7d617-c04c-4a83-b663-ebf1d3dd90a1,WorldEntities/Creatures/GarryFish.prefab,GarryFish,Dunes_Grass,1,1
5de7d617-c04c-4a83-b663-ebf1d3dd90a1,WorldEntities/Creatures/GarryFish.prefab,GarryFish,PrisonAquarium_Rock,2,0.5
5de7d617-c04c-4a83-b663-ebf1d3dd90a1,WorldEntities/Creatures/GarryFish.prefab,GarryFish,PrisonAquarium_DeadCoral,1,0.3
5de7d617-c04c-4a83-b663-ebf1d3dd90a1,WorldEntities/Creatures/GarryFish.prefab,GarryFish,Mesas_Top,1,1
8e82dc63-5991-4c63-a12c-2aa39373a7cf,WorldEntities/Creatures/RockGrub.prefab,Rockgrub,SafeShallows_CaveSpecial,1,1
8e82dc63-5991-4c63-a12c-2aa39373a7cf,WorldEntities/Creatures/RockGrub.prefab,Rockgrub,GrassyPlateaus_CaveCeiling,1,1
8e82dc63-5991-4c63-a12c-2aa39373a7cf,WorldEntities/Creatures/RockGrub.prefab,Rockgrub,MushroomForest_CaveRecess,4,1
8e82dc63-5991-4c63-a12c-2aa39373a7cf,WorldEntities/Creatures/RockGrub.prefab,Rockgrub,MushroomForest_CaveSpecial,1,1
8e82dc63-5991-4c63-a12c-2aa39373a7cf,WorldEntities/Creatures/RockGrub.prefab,Rockgrub,MushroomForest_GiantTreeInteriorRecess,1,1
8e82dc63-5991-4c63-a12c-2aa39373a7cf,WorldEntities/Creatures/RockGrub.prefab,Rockgrub,MushroomForest_GiantTreeInteriorSpecial,1,1
8e82dc63-5991-4c63-a12c-2aa39373a7cf,WorldEntities/Creatures/RockGrub.prefab,Rockgrub,KooshZone_CaveWall,1,1
8e82dc63-5991-4c63-a12c-2aa39373a7cf,WorldEntities/Creatures/RockGrub.prefab,Rockgrub,SparseReef_DeepWall,2,1
8e82dc63-5991-4c63-a12c-2aa39373a7cf,WorldEntities/Creatures/RockGrub.prefab,Rockgrub,Dunes_Rock,2,0.5
8e82dc63-5991-4c63-a12c-2aa39373a7cf,WorldEntities/Creatures/RockGrub.prefab,Rockgrub,Dunes_SandPlateau,2,0.2
8e82dc63-5991-4c63-a12c-2aa39373a7cf,WorldEntities/Creatures/RockGrub.prefab,Rockgrub,Dunes_CaveCeiling,2,1
8e82dc63-5991-4c63-a12c-2aa39373a7cf,WorldEntities/Creatures/RockGrub.prefab,Rockgrub,Dunes_CaveWall,2,1
8e82dc63-5991-4c63-a12c-2aa39373a7cf,WorldEntities/Creatures/RockGrub.prefab,Rockgrub,Mountains_CaveWall,1,1
8e82dc63-5991-4c63-a12c-2aa39373a7cf,WorldEntities/Creatures/RockGrub.prefab,Rockgrub,GrassyPlateaus_CaveFloor,2,1
495befa0-0e6b-400d-9734-227e5a732f75,WorldEntities/Creatures/HoleFish.prefab,HoleFish,SafeShallows_CaveWall,2,1
495befa0-0e6b-400d-9734-227e5a732f75,WorldEntities/Creatures/HoleFish.prefab,HoleFish,MushroomForest_CaveWall,2,1
495befa0-0e6b-400d-9734-227e5a732f75,WorldEntities/Creatures/HoleFish.prefab,HoleFish,MushroomForest_CavePlants,3,1
495befa0-0e6b-400d-9734-227e5a732f75,WorldEntities/Creatures/HoleFish.prefab,HoleFish,MushroomForest_GiantTreeInteriorWall,4,1
495befa0-0e6b-400d-9734-227e5a732f75,WorldEntities/Creatures/HoleFish.prefab,HoleFish,CrashZone_Sand,1,0.5
495befa0-0e6b-400d-9734-227e5a732f75,WorldEntities/Creatures/HoleFish.prefab,HoleFish,PrisonAquarium_Rock,2,0.5
495befa0-0e6b-400d-9734-227e5a732f75,WorldEntities/Creatures/HoleFish.prefab,HoleFish,PrisonAquarium_CaveWall,2,0.3
8ffbb5b5-21b4-4687-9118-730d59330c9a,WorldEntities/Creatures/BoomerangFishSchool.prefab,HoopfishSchool,SafeShallows_Grass,1,0.2
8ffbb5b5-21b4-4687-9118-730d59330c9a,WorldEntities/Creatures/BoomerangFishSchool.prefab,HoopfishSchool,Kelp_Wall,1,0.4
8ffbb5b5-21b4-4687-9118-730d59330c9a,WorldEntities/Creatures/BoomerangFishSchool.prefab,HoopfishSchool,GrassyPlateaus_Wall,1,0.4
8ffbb5b5-21b4-4687-9118-730d59330c9a,WorldEntities/Creatures/BoomerangFishSchool.prefab,HoopfishSchool,GrassyPlateaus_Tower,1,0.5
8ffbb5b5-21b4-4687-9118-730d59330c9a,WorldEntities/Creatures/BoomerangFishSchool.prefab,HoopfishSchool,MushroomForest_MushroomTreeTrunk,1,0.4
8ffbb5b5-21b4-4687-9118-730d59330c9a,WorldEntities/Creatures/BoomerangFishSchool.prefab,HoopfishSchool,MushroomForest_GiantTreeExterior,1,10
8ffbb5b5-21b4-4687-9118-730d59330c9a,WorldEntities/Creatures/BoomerangFishSchool.prefab,HoopfishSchool,MushroomForest_GiantTreeExteriorBase,1,10
8ffbb5b5-21b4-4687-9118-730d59330c9a,WorldEntities/Creatures/BoomerangFishSchool.prefab,HoopfishSchool,MushroomForest_Grass,1,0.3
8ffbb5b5-21b4-4687-9118-730d59330c9a,WorldEntities/Creatures/BoomerangFishSchool.prefab,HoopfishSchool,KooshZone_Sand,1,0.4
8ffbb5b5-21b4-4687-9118-730d59330c9a,WorldEntities/Creatures/BoomerangFishSchool.prefab,HoopfishSchool,KooshZone_Grass,1,0.6
8ffbb5b5-21b4-4687-9118-730d59330c9a,WorldEntities/Creatures/BoomerangFishSchool.prefab,HoopfishSchool,CrashZone_Sand,1,0.3
8ffbb5b5-21b4-4687-9118-730d59330c9a,WorldEntities/Creatures/BoomerangFishSchool.prefab,HoopfishSchool,CrashZone_Rock,1,0.3
8ffbb5b5-21b4-4687-9118-730d59330c9a,WorldEntities/Creatures/BoomerangFishSchool.prefab,HoopfishSchool,UnderwaterIslands_IslandTop,1,0.7
8ffbb5b5-21b4-4687-9118-730d59330c9a,WorldEntities/Creatures/BoomerangFishSchool.prefab,HoopfishSchool,SparseReef_Coral,1,1
8ffbb5b5-21b4-4687-9118-730d59330c9a,WorldEntities/Creatures/BoomerangFishSchool.prefab,HoopfishSchool,Dunes_SandDune,1,0.3
8ffbb5b5-21b4-4687-9118-730d59330c9a,WorldEntities/Creatures/BoomerangFishSchool.prefab,HoopfishSchool,Dunes_Grass,1,1
8ffbb5b5-21b4-4687-9118-730d59330c9a,WorldEntities/Creatures/BoomerangFishSchool.prefab,HoopfishSchool,DeepGrandReef_Wall,1,0.2
8ffbb5b5-21b4-4687-9118-730d59330c9a,WorldEntities/Creatures/BoomerangFishSchool.prefab,HoopfishSchool,DeepGrandReef_Ground,1,0.3
8ffbb5b5-21b4-4687-9118-730d59330c9a,WorldEntities/Creatures/BoomerangFishSchool.prefab,HoopfishSchool,SeaTreaderPath_Sand,1,0.5
8ffbb5b5-21b4-4687-9118-730d59330c9a,WorldEntities/Creatures/BoomerangFishSchool.prefab,HoopfishSchool,SeaTreaderPath_Rock,1,0.5
8ffbb5b5-21b4-4687-9118-730d59330c9a,WorldEntities/Creatures/BoomerangFishSchool.prefab,HoopfishSchool,CragField_OpenShallow_CreatureOnly,1,0.15
8ffbb5b5-21b4-4687-9118-730d59330c9a,WorldEntities/Creatures/BoomerangFishSchool.prefab,HoopfishSchool,CragField_Sand,1,0.1
8ffbb5b5-21b4-4687-9118-730d59330c9a,WorldEntities/Creatures/BoomerangFishSchool.prefab,HoopfishSchool,PrisonAquarium_Coral,1,0.3
8ffbb5b5-21b4-4687-9118-730d59330c9a,WorldEntities/Creatures/BoomerangFishSchool.prefab,HoopfishSchool,PrisonAquarium_Grass,1,0.2
8ffbb5b5-21b4-4687-9118-730d59330c9a,WorldEntities/Creatures/BoomerangFishSchool.prefab,HoopfishSchool,PrisonAquarium_DeadCoral,1,0.1
8ffbb5b5-21b4-4687-9118-730d59330c9a,WorldEntities/Creatures/BoomerangFishSchool.prefab,HoopfishSchool,PrisonAquarium_Open_CreatureOnly,1,0.07
8ffbb5b5-21b4-4687-9118-730d59330c9a,WorldEntities/Creatures/BoomerangFishSchool.prefab,HoopfishSchool,GrassyPlateaus_OpenDeep_CreatureOnly,1,0.05
8ffbb5b5-21b4-4687-9118-730d59330c9a,WorldEntities/Creatures/BoomerangFishSchool.prefab,HoopfishSchool,GrassyPlateaus_OpenShallow_CreatureOnly,1,0.075
8ffbb5b5-21b4-4687-9118-730d59330c9a,WorldEntities/Creatures/BoomerangFishSchool.prefab,HoopfishSchool,KooshZone_OpenDeep_CreatureOnly,1,0.05
8ffbb5b5-21b4-4687-9118-730d59330c9a,WorldEntities/Creatures/BoomerangFishSchool.prefab,HoopfishSchool,KooshZone_OpenShallow_CreatureOnly,1,0.1
8ffbb5b5-21b4-4687-9118-730d59330c9a,WorldEntities/Creatures/BoomerangFishSchool.prefab,HoopfishSchool,Dunes_OpenShallow_CreatureOnly,1,0.15
8ffbb5b5-21b4-4687-9118-730d59330c9a,WorldEntities/Creatures/BoomerangFishSchool.prefab,HoopfishSchool,Dunes_OpenDeep_CreatureOnly,1,0.05
fa4cfe65-4eaf-4d51-ba0d-e8cc9632fd47,WorldEntities/Creatures/Boomerang.prefab,Boomerang,SafeShallows_Grass,2,0.8
fa4cfe65-4eaf-4d51-ba0d-e8cc9632fd47,WorldEntities/Creatures/Boomerang.prefab,Boomerang,Kelp_Wall,1,1.2
fa4cfe65-4eaf-4d51-ba0d-e8cc9632fd47,WorldEntities/Creatures/Boomerang.prefab,Boomerang,GrassyPlateaus_Wall,1,2.5
fa4cfe65-4eaf-4d51-ba0d-e8cc9632fd47,WorldEntities/Creatures/Boomerang.prefab,Boomerang,GrassyPlateaus_Tower,1,2.5
fa4cfe65-4eaf-4d51-ba0d-e8cc9632fd47,WorldEntities/Creatures/Boomerang.prefab,Boomerang,KooshZone_Sand,1,2
fa4cfe65-4eaf-4d51-ba0d-e8cc9632fd47,WorldEntities/Creatures/Boomerang.prefab,Boomerang,KooshZone_Grass,1,4
fa4cfe65-4eaf-4d51-ba0d-e8cc9632fd47,WorldEntities/Creatures/Boomerang.prefab,Boomerang,CrashZone_Sand,1,0.3
fa4cfe65-4eaf-4d51-ba0d-e8cc9632fd47,WorldEntities/Creatures/Boomerang.prefab,Boomerang,CrashZone_Rock,1,0.3
fa4cfe65-4eaf-4d51-ba0d-e8cc9632fd47,WorldEntities/Creatures/Boomerang.prefab,Boomerang,UnderwaterIslands_IslandTop,1,3
fa4cfe65-4eaf-4d51-ba0d-e8cc9632fd47,WorldEntities/Creatures/Boomerang.prefab,Boomerang,Dunes_SandDune,1,0.3
fa4cfe65-4eaf-4d51-ba0d-e8cc9632fd47,WorldEntities/Creatures/Boomerang.prefab,Boomerang,DeepGrandReef_Wall,1,0.75
fa4cfe65-4eaf-4d51-ba0d-e8cc9632fd47,WorldEntities/Creatures/Boomerang.prefab,Boomerang,DeepGrandReef_Ground,2,1
fa4cfe65-4eaf-4d51-ba0d-e8cc9632fd47,WorldEntities/Creatures/Boomerang.prefab,Boomerang,Mountains_CaveCeiling,1,1
fa4cfe65-4eaf-4d51-ba0d-e8cc9632fd47,WorldEntities/Creatures/Boomerang.prefab,Boomerang,SeaTreaderPath_Sand,1,1
fa4cfe65-4eaf-4d51-ba0d-e8cc9632fd47,WorldEntities/Creatures/Boomerang.prefab,Boomerang,SeaTreaderPath_CaveFloor,1,0.5
fa4cfe65-4eaf-4d51-ba0d-e8cc9632fd47,WorldEntities/Creatures/Boomerang.prefab,Boomerang,CragField_OpenShallow_CreatureOnly,1,0.3
fa4cfe65-4eaf-4d51-ba0d-e8cc9632fd47,WorldEntities/Creatures/Boomerang.prefab,Boomerang,CragField_Rock,1,0.2
fa4cfe65-4eaf-4d51-ba0d-e8cc9632fd47,WorldEntities/Creatures/Boomerang.prefab,Boomerang,CragField_Sand,1,0.2
fa4cfe65-4eaf-4d51-ba0d-e8cc9632fd47,WorldEntities/Creatures/Boomerang.prefab,Boomerang,PrisonAquarium_Grass,2,0.2
fa4cfe65-4eaf-4d51-ba0d-e8cc9632fd47,WorldEntities/Creatures/Boomerang.prefab,Boomerang,PrisonAquarium_Coral,2,0.2
fa4cfe65-4eaf-4d51-ba0d-e8cc9632fd47,WorldEntities/Creatures/Boomerang.prefab,Boomerang,Mesas_Side,1,0.8
fa4cfe65-4eaf-4d51-ba0d-e8cc9632fd47,WorldEntities/Creatures/Boomerang.prefab,Boomerang,GrassyPlateaus_OpenDeep_CreatureOnly,1,0.15
fa4cfe65-4eaf-4d51-ba0d-e8cc9632fd47,WorldEntities/Creatures/Boomerang.prefab,Boomerang,GrassyPlateaus_OpenShallow_CreatureOnly,1,0.2
fa4cfe65-4eaf-4d51-ba0d-e8cc9632fd47,WorldEntities/Creatures/Boomerang.prefab,Boomerang,KooshZone_OpenDeep_CreatureOnly,1,0.15
fa4cfe65-4eaf-4d51-ba0d-e8cc9632fd47,WorldEntities/Creatures/Boomerang.prefab,Boomerang,KooshZone_OpenShallow_CreatureOnly,1,0.2
fa4cfe65-4eaf-4d51-ba0d-e8cc9632fd47,WorldEntities/Creatures/Boomerang.prefab,Boomerang,Dunes_OpenShallow_CreatureOnly,1,0.3
fa4cfe65-4eaf-4d51-ba0d-e8cc9632fd47,WorldEntities/Creatures/Boomerang.prefab,Boomerang,Dunes_OpenDeep_CreatureOnly,1,0.15
bf9ccd04-60af-4144-aaa1-4ac184c686c2,WorldEntities/Creatures/BladderFish.prefab,Bladderfish,SafeShallows_Plants,2,0.4
bf9ccd04-60af-4144-aaa1-4ac184c686c2,WorldEntities/Creatures/BladderFish.prefab,Bladderfish,SafeShallows_ShellTunnel,2,1
bf9ccd04-60af-4144-aaa1-4ac184c686c2,WorldEntities/Creatures/BladderFish.prefab,Bladderfish,Kelp_Sand,2,0.2
bf9ccd04-60af-4144-aaa1-4ac184c686c2,WorldEntities/Creatures/BladderFish.prefab,Bladderfish,Kelp_ShellTunnel,2,1
bf9ccd04-60af-4144-aaa1-4ac184c686c2,WorldEntities/Creatures/BladderFish.prefab,Bladderfish,MushroomForest_MushroomTreeBase,1,1
bf9ccd04-60af-4144-aaa1-4ac184c686c2,WorldEntities/Creatures/BladderFish.prefab,Bladderfish,MushroomForest_GiantTreeRootBase,3,1
bf9ccd04-60af-4144-aaa1-4ac184c686c2,WorldEntities/Creatures/BladderFish.prefab,Bladderfish,MushroomForest_GiantTreeRoot,3,1
bf9ccd04-60af-4144-aaa1-4ac184c686c2,WorldEntities/Creatures/BladderFish.prefab,Bladderfish,UnderwaterIslands_ValleyWall,2,0.75
bf9ccd04-60af-4144-aaa1-4ac184c686c2,WorldEntities/Creatures/BladderFish.prefab,Bladderfish,GrandReef_Grass,2,0.6
bf9ccd04-60af-4144-aaa1-4ac184c686c2,WorldEntities/Creatures/BladderFish.prefab,Bladderfish,GrandReef_Wall,1,0.1
bf9ccd04-60af-4144-aaa1-4ac184c686c2,WorldEntities/Creatures/BladderFish.prefab,Bladderfish,GrandReef_WhiteCoral,1,0.5
bf9ccd04-60af-4144-aaa1-4ac184c686c2,WorldEntities/Creatures/BladderFish.prefab,Bladderfish,PrisonAquarium_SpecialCoral,2,0.4
bf9ccd04-60af-4144-aaa1-4ac184c686c2,WorldEntities/Creatures/BladderFish.prefab,Bladderfish,PrisonAquarium_Grass,2,0.4
bf9ccd04-60af-4144-aaa1-4ac184c686c2,WorldEntities/Creatures/BladderFish.prefab,Bladderfish,PrisonAquarium_Open_CreatureOnly,1,0.3
bf9ccd04-60af-4144-aaa1-4ac184c686c2,WorldEntities/Creatures/BladderFish.prefab,Bladderfish,GrandReef_OpenDeep_CreatureOnly,1,0.075
bf9ccd04-60af-4144-aaa1-4ac184c686c2,WorldEntities/Creatures/BladderFish.prefab,Bladderfish,Mesas_Top,1,0.5
bf9ccd04-60af-4144-aaa1-4ac184c686c2,WorldEntities/Creatures/BladderFish.prefab,Bladderfish,TreeCove_Algae,1,1
bf9ccd04-60af-4144-aaa1-4ac184c686c2,WorldEntities/Creatures/BladderFish.prefab,Bladderfish,Dunes_ThermalVent_Grass,1,1
bf9ccd04-60af-4144-aaa1-4ac184c686c2,WorldEntities/Creatures/BladderFish.prefab,Bladderfish,Dunes_ThermalVent_Rock,1,0.75
3c13b3a4-ac02-4601-8030-b9d7482cde1e,WorldEntities/Creatures/Gasopod.prefab,Gasopod,SafeShallows_UniqueCreature,1,1.2
3c13b3a4-ac02-4601-8030-b9d7482cde1e,WorldEntities/Creatures/Gasopod.prefab,Gasopod,Mesas_Open,1,0.15
3c13b3a4-ac02-4601-8030-b9d7482cde1e,WorldEntities/Creatures/Gasopod.prefab,Gasopod,Dunes_ThermalVent_Rock,1,0.2
eb38de5d-c3df-4446-a37a-d770fb0f92bb,WorldEntities/Environment/CrashHome.prefab,CrashHome,SafeShallows_UniqueCreatureCave,1,1
3406b655-0390-4ea7-8b75-a5c4705fc568,WorldEntities/Creatures/Bleeder.prefab,Bleeder,Kelp_CaveWall,2,0
3406b655-0390-4ea7-8b75-a5c4705fc568,WorldEntities/Creatures/Bleeder.prefab,Bleeder,Kelp_VineBase,3,0
3406b655-0390-4ea7-8b75-a5c4705fc568,WorldEntities/Creatures/Bleeder.prefab,Bleeder,Kelp_UniqueCreatureCave,3,0
3406b655-0390-4ea7-8b75-a5c4705fc568,WorldEntities/Creatures/Bleeder.prefab,Bleeder,MushroomForest_CaveSand,7,0.7
3406b655-0390-4ea7-8b75-a5c4705fc568,WorldEntities/Creatures/Bleeder.prefab,Bleeder,ShipInterior_PowerRoomUnderwater,1,0
3406b655-0390-4ea7-8b75-a5c4705fc568,WorldEntities/Creatures/Bleeder.prefab,Bleeder,ShipInterior_Cargo,1,0
3406b655-0390-4ea7-8b75-a5c4705fc568,WorldEntities/Creatures/Bleeder.prefab,Bleeder,SparseReef_Coral,1,0.45
3406b655-0390-4ea7-8b75-a5c4705fc568,WorldEntities/Creatures/Bleeder.prefab,Bleeder,SparseReef_DeepWall,3,0.4
3406b655-0390-4ea7-8b75-a5c4705fc568,WorldEntities/Creatures/Bleeder.prefab,Bleeder,BonesField_LakePit_Open_CreatureOnly,1,0.4
3406b655-0390-4ea7-8b75-a5c4705fc568,WorldEntities/Creatures/Bleeder.prefab,Bleeder,BonesField_Lake_Floor,1,0.2
3406b655-0390-4ea7-8b75-a5c4705fc568,WorldEntities/Creatures/Bleeder.prefab,Bleeder,GhostTree_Lake_Floor,1,0.2
0a993944-87d3-441e-b21d-6c314f723cc7,WorldEntities/Creatures/HoverFish.prefab,Hoverfish,Kelp_GrassDense,1,1.3
0a993944-87d3-441e-b21d-6c314f723cc7,WorldEntities/Creatures/HoverFish.prefab,Hoverfish,Kelp_GrassSparse,1,1.1
0a993944-87d3-441e-b21d-6c314f723cc7,WorldEntities/Creatures/HoverFish.prefab,Hoverfish,CrashZone_Sand,1,0.3
0a993944-87d3-441e-b21d-6c314f723cc7,WorldEntities/Creatures/HoverFish.prefab,Hoverfish,CrashZone_Rock,1,0.3
0a993944-87d3-441e-b21d-6c314f723cc7,WorldEntities/Creatures/HoverFish.prefab,Hoverfish,PrisonAquarium_Grass,1,0.3
0a993944-87d3-441e-b21d-6c314f723cc7,WorldEntities/Creatures/HoverFish.prefab,Hoverfish,PrisonAquarium_SpecialCoral,2,0.2
0a993944-87d3-441e-b21d-6c314f723cc7,WorldEntities/Creatures/HoverFish.prefab,Hoverfish,PrisonAquarium_Open_CreatureOnly,1,0.3
0a993944-87d3-441e-b21d-6c314f723cc7,WorldEntities/Creatures/HoverFish.prefab,Hoverfish,Mesas_Top,1,0.8
79c1aef0-e505-469c-ab36-c22c76aeae44,WorldEntities/Creatures/Eyeye.prefab,Eyeye,Kelp_GrassDense,1,1
79c1aef0-e505-469c-ab36-c22c76aeae44,WorldEntities/Creatures/Eyeye.prefab,Eyeye,KooshZone_Grass,1,1.7
79c1aef0-e505-469c-ab36-c22c76aeae44,WorldEntities/Creatures/Eyeye.prefab,Eyeye,KooshZone_Sand,1,1.7
79c1aef0-e505-469c-ab36-c22c76aeae44,WorldEntities/Creatures/Eyeye.prefab,Eyeye,KooshZone_Coral,1,1.5
79c1aef0-e505-469c-ab36-c22c76aeae44,WorldEntities/Creatures/Eyeye.prefab,Eyeye,KooshZone_CaveFloor,1,0.5
79c1aef0-e505-469c-ab36-c22c76aeae44,WorldEntities/Creatures/Eyeye.prefab,Eyeye,KooshZone_CaveWall,1,1
79c1aef0-e505-469c-ab36-c22c76aeae44,WorldEntities/Creatures/Eyeye.prefab,Eyeye,JellyshroomCaves_CaveWall,5,1
79c1aef0-e505-469c-ab36-c22c76aeae44,WorldEntities/Creatures/Eyeye.prefab,Eyeye,CrashZone_TrenchRock,1,1.5
79c1aef0-e505-469c-ab36-c22c76aeae44,WorldEntities/Creatures/Eyeye.prefab,Eyeye,Dunes_SandDune,1,0.5
79c1aef0-e505-469c-ab36-c22c76aeae44,WorldEntities/Creatures/Eyeye.prefab,Eyeye,Dunes_Grass,1,1
79c1aef0-e505-469c-ab36-c22c76aeae44,WorldEntities/Creatures/Eyeye.prefab,Eyeye,GrandReef_WhiteCoral,1,1.5
79c1aef0-e505-469c-ab36-c22c76aeae44,WorldEntities/Creatures/Eyeye.prefab,Eyeye,SeaTreaderPath_Rock,1,1
79c1aef0-e505-469c-ab36-c22c76aeae44,WorldEntities/Creatures/Eyeye.prefab,Eyeye,SeaTreaderPath_Grass,1,1
79c1aef0-e505-469c-ab36-c22c76aeae44,WorldEntities/Creatures/Eyeye.prefab,Eyeye,KooshZone_OpenDeep_CreatureOnly,1,0.1
79c1aef0-e505-469c-ab36-c22c76aeae44,WorldEntities/Creatures/Eyeye.prefab,Eyeye,Dunes_OpenDeep_CreatureOnly,1,0.1
79c1aef0-e505-469c-ab36-c22c76aeae44,WorldEntities/Creatures/Eyeye.prefab,Eyeye,GrandReef_OpenDeep_CreatureOnly,1,0.15
08cb3290-504b-4191-97ee-6af1588af5c0,WorldEntities/Creatures/HoopFishSchool.prefab,HoopfishSchool,Kelp_DenseVine,1,0.3
08cb3290-504b-4191-97ee-6af1588af5c0,WorldEntities/Creatures/HoopFishSchool.prefab,HoopfishSchool,Kelp_Wall,1,0.25
08cb3290-504b-4191-97ee-6af1588af5c0,WorldEntities/Creatures/HoopFishSchool.prefab,HoopfishSchool,GrassyPlateaus_Grass,1,0.2
08cb3290-504b-4191-97ee-6af1588af5c0,WorldEntities/Creatures/HoopFishSchool.prefab,HoopfishSchool,MushroomForest_MushroomTreeTrunk,1,0.4
08cb3290-504b-4191-97ee-6af1588af5c0,WorldEntities/Creatures/HoopFishSchool.prefab,HoopfishSchool,MushroomForest_GiantTreeExterior,1,0.5
08cb3290-504b-4191-97ee-6af1588af5c0,WorldEntities/Creatures/HoopFishSchool.prefab,HoopfishSchool,MushroomForest_GiantTreeExteriorBase,1,0.4
08cb3290-504b-4191-97ee-6af1588af5c0,WorldEntities/Creatures/HoopFishSchool.prefab,HoopfishSchool,MushroomForest_Grass,1,0.4
08cb3290-504b-4191-97ee-6af1588af5c0,WorldEntities/Creatures/HoopFishSchool.prefab,HoopfishSchool,KooshZone_RockWall,1,0.8
08cb3290-504b-4191-97ee-6af1588af5c0,WorldEntities/Creatures/HoopFishSchool.prefab,HoopfishSchool,UnderwaterIslands_ValleyWall,1,0.5
08cb3290-504b-4191-97ee-6af1588af5c0,WorldEntities/Creatures/HoopFishSchool.prefab,HoopfishSchool,SparseReef_Coral,1,1
08cb3290-504b-4191-97ee-6af1588af5c0,WorldEntities/Creatures/HoopFishSchool.prefab,HoopfishSchool,Dunes_SandDune,1,0.3
08cb3290-504b-4191-97ee-6af1588af5c0,WorldEntities/Creatures/HoopFishSchool.prefab,HoopfishSchool,Dunes_Grass,1,1
08cb3290-504b-4191-97ee-6af1588af5c0,WorldEntities/Creatures/HoopFishSchool.prefab,HoopfishSchool,GrandReef_PurpleCoral,1,0.4
08cb3290-504b-4191-97ee-6af1588af5c0,WorldEntities/Creatures/HoopFishSchool.prefab,HoopfishSchool,Mountains_Grass,1,1
08cb3290-504b-4191-97ee-6af1588af5c0,WorldEntities/Creatures/HoopFishSchool.prefab,HoopfishSchool,Mountains_Rock,1,0.75
08cb3290-504b-4191-97ee-6af1588af5c0,WorldEntities/Creatures/HoopFishSchool.prefab,HoopfishSchool,SeaTreaderPath_Sand,1,0.5
08cb3290-504b-4191-97ee-6af1588af5c0,WorldEntities/Creatures/HoopFishSchool.prefab,HoopfishSchool,PrisonAquarium_DeadCoral,1,0.3
08cb3290-504b-4191-97ee-6af1588af5c0,WorldEntities/Creatures/HoopFishSchool.prefab,HoopfishSchool,PrisonAquarium_Grass,1,0.2
08cb3290-504b-4191-97ee-6af1588af5c0,WorldEntities/Creatures/HoopFishSchool.prefab,HoopfishSchool,PrisonAquarium_Coral,1,0.1
08cb3290-504b-4191-97ee-6af1588af5c0,WorldEntities/Creatures/HoopFishSchool.prefab,HoopfishSchool,PrisonAquarium_Open_CreatureOnly,1,0.07
08cb3290-504b-4191-97ee-6af1588af5c0,WorldEntities/Creatures/HoopFishSchool.prefab,HoopfishSchool,Mesas_Top,1,0.5
08cb3290-504b-4191-97ee-6af1588af5c0,WorldEntities/Creatures/HoopFishSchool.prefab,HoopfishSchool,Mountains_OpenDeep_CreatureOnly,1,0.075
08cb3290-504b-4191-97ee-6af1588af5c0,WorldEntities/Creatures/HoopFishSchool.prefab,HoopfishSchool,Mountains_OpenShallow_CreatureOnly,1,0.1
08cb3290-504b-4191-97ee-6af1588af5c0,WorldEntities/Creatures/HoopFishSchool.prefab,HoopfishSchool,UnderwaterIslands_OpenShallow_CreatureOnly,1,0.1
08cb3290-504b-4191-97ee-6af1588af5c0,WorldEntities/Creatures/HoopFishSchool.prefab,HoopfishSchool,UnderwaterIslands_OpenDeep_CreatureOnly,1,0.075
08cb3290-504b-4191-97ee-6af1588af5c0,WorldEntities/Creatures/HoopFishSchool.prefab,HoopfishSchool,GrandReef_OpenShallow_CreatureOnly,1,0.15
08cb3290-504b-4191-97ee-6af1588af5c0,WorldEntities/Creatures/HoopFishSchool.prefab,HoopfishSchool,BloodKelp_OpenShallow_CreatureOnly,1,0.1
284ceeb6-b437-4aca-a8bd-d54f336cbef8,WorldEntities/Creatures/HoopFish.prefab,Hoopfish,Kelp_DenseVine,2,0.5
284ceeb6-b437-4aca-a8bd-d54f336cbef8,WorldEntities/Creatures/HoopFish.prefab,Hoopfish,Kelp_Wall,2,0.4
284ceeb6-b437-4aca-a8bd-d54f336cbef8,WorldEntities/Creatures/HoopFish.prefab,Hoopfish,GrassyPlateaus_Grass,1,0.4
284ceeb6-b437-4aca-a8bd-d54f336cbef8,WorldEntities/Creatures/HoopFish.prefab,Hoopfish,KooshZone_RockWall,1,3
284ceeb6-b437-4aca-a8bd-d54f336cbef8,WorldEntities/Creatures/HoopFish.prefab,Hoopfish,UnderwaterIslands_ValleyWall,1,1
284ceeb6-b437-4aca-a8bd-d54f336cbef8,WorldEntities/Creatures/HoopFish.prefab,Hoopfish,Dunes_SandDune,1,0.3
284ceeb6-b437-4aca-a8bd-d54f336cbef8,WorldEntities/Creatures/HoopFish.prefab,Hoopfish,GrandReef_PurpleCoral,1,1.2
284ceeb6-b437-4aca-a8bd-d54f336cbef8,WorldEntities/Creatures/HoopFish.prefab,Hoopfish,SeaTreaderPath_Sand,1,1
284ceeb6-b437-4aca-a8bd-d54f336cbef8,WorldEntities/Creatures/HoopFish.prefab,Hoopfish,SeaTreaderPath_CaveFloor,1,0.5
284ceeb6-b437-4aca-a8bd-d54f336cbef8,WorldEntities/Creatures/HoopFish.prefab,Hoopfish,LostRiverJunction_Open_CreatureOnly,1,0
284ceeb6-b437-4aca-a8bd-d54f336cbef8,WorldEntities/Creatures/HoopFish.prefab,Hoopfish,LostRiverJunction_Ground,1,0
284ceeb6-b437-4aca-a8bd-d54f336cbef8,WorldEntities/Creatures/HoopFish.prefab,Hoopfish,CragField_Sand,1,0.2
284ceeb6-b437-4aca-a8bd-d54f336cbef8,WorldEntities/Creatures/HoopFish.prefab,Hoopfish,CragField_Rock,1,0.2
284ceeb6-b437-4aca-a8bd-d54f336cbef8,WorldEntities/Creatures/HoopFish.prefab,Hoopfish,PrisonAquarium_Coral,2,0.2
284ceeb6-b437-4aca-a8bd-d54f336cbef8,WorldEntities/Creatures/HoopFish.prefab,Hoopfish,Mountains_OpenDeep_CreatureOnly,1,0.15
284ceeb6-b437-4aca-a8bd-d54f336cbef8,WorldEntities/Creatures/HoopFish.prefab,Hoopfish,Mountains_OpenShallow_CreatureOnly,1,0.25
284ceeb6-b437-4aca-a8bd-d54f336cbef8,WorldEntities/Creatures/HoopFish.prefab,Hoopfish,UnderwaterIslands_OpenShallow_CreatureOnly,1,0.2
284ceeb6-b437-4aca-a8bd-d54f336cbef8,WorldEntities/Creatures/HoopFish.prefab,Hoopfish,UnderwaterIslands_OpenDeep_CreatureOnly,1,0.15
284ceeb6-b437-4aca-a8bd-d54f336cbef8,WorldEntities/Creatures/HoopFish.prefab,Hoopfish,GrandReef_OpenShallow_CreatureOnly,1,0.3
284ceeb6-b437-4aca-a8bd-d54f336cbef8,WorldEntities/Creatures/HoopFish.prefab,Hoopfish,BloodKelp_OpenShallow_CreatureOnly,1,0.25
284ceeb6-b437-4aca-a8bd-d54f336cbef8,WorldEntities/Creatures/HoopFish.prefab,Hoopfish,Mesas_Top,1,0.7
cf8794a1-5cd6-492e-8acf-7da7c940ef70,WorldEntities/Creatures/Stalker.prefab,Stalker,Kelp_UniqueCreature,1,0.8
cf8794a1-5cd6-492e-8acf-7da7c940ef70,WorldEntities/Creatures/Stalker.prefab,Stalker,CrashZone_Rock,1,0.1
cf8794a1-5cd6-492e-8acf-7da7c940ef70,WorldEntities/Creatures/Stalker.prefab,Stalker,PrisonAquarium_Grass,1,0
cf8794a1-5cd6-492e-8acf-7da7c940ef70,WorldEntities/Creatures/Stalker.prefab,Stalker,PrisonAquarium_Open_CreatureOnly,1,0.08
d040bec1-0368-4f7c-aed6-93b5e1852d45,WorldEntities/Creatures/SpadeFish.prefab,Spadefish,GrassyPlateaus_Sand,1,0.5
d040bec1-0368-4f7c-aed6-93b5e1852d45,WorldEntities/Creatures/SpadeFish.prefab,Spadefish,GrassyPlateaus_Grass,1,1.5
d040bec1-0368-4f7c-aed6-93b5e1852d45,WorldEntities/Creatures/SpadeFish.prefab,Spadefish,GrassyPlateaus_Tower,1,1
d040bec1-0368-4f7c-aed6-93b5e1852d45,WorldEntities/Creatures/SpadeFish.prefab,Spadefish,MushroomForest_Sand,2,1
d040bec1-0368-4f7c-aed6-93b5e1852d45,WorldEntities/Creatures/SpadeFish.prefab,Spadefish,SparseReef_Coral,3,2
d040bec1-0368-4f7c-aed6-93b5e1852d45,WorldEntities/Creatures/SpadeFish.prefab,Spadefish,SparseReef_Wall,2,0.5
d040bec1-0368-4f7c-aed6-93b5e1852d45,WorldEntities/Creatures/SpadeFish.prefab,Spadefish,SparseReef_Spike,3,1
d040bec1-0368-4f7c-aed6-93b5e1852d45,WorldEntities/Creatures/SpadeFish.prefab,Spadefish,Dunes_Rock,1,1
d040bec1-0368-4f7c-aed6-93b5e1852d45,WorldEntities/Creatures/SpadeFish.prefab,Spadefish,Dunes_SandPlateau,1,1
d040bec1-0368-4f7c-aed6-93b5e1852d45,WorldEntities/Creatures/SpadeFish.prefab,Spadefish,GrandReef_Wall,2,0.2
d040bec1-0368-4f7c-aed6-93b5e1852d45,WorldEntities/Creatures/SpadeFish.prefab,Spadefish,GrandReef_Ground,2,0.5
d040bec1-0368-4f7c-aed6-93b5e1852d45,WorldEntities/Creatures/SpadeFish.prefab,Spadefish,SeaTreaderPath_Sand,1,0.75
d040bec1-0368-4f7c-aed6-93b5e1852d45,WorldEntities/Creatures/SpadeFish.prefab,Spadefish,SeaTreaderPath_Rock,1,1
d040bec1-0368-4f7c-aed6-93b5e1852d45,WorldEntities/Creatures/SpadeFish.prefab,Spadefish,UnderwaterIslands_ValleyWall,3,1
d040bec1-0368-4f7c-aed6-93b5e1852d45,WorldEntities/Creatures/SpadeFish.prefab,Spadefish,GrassyPlateaus_OpenDeep_CreatureOnly,1,0.075
d040bec1-0368-4f7c-aed6-93b5e1852d45,WorldEntities/Creatures/SpadeFish.prefab,Spadefish,GrassyPlateaus_OpenShallow_CreatureOnly,1,0.15
5e5f00b4-1531-45c0-8aca-84cbd3b580a4,WorldEntities/Creatures/SandShark.prefab,Sandshark,GrassyPlateaus_Sand,1,0.1
5e5f00b4-1531-45c0-8aca-84cbd3b580a4,WorldEntities/Creatures/SandShark.prefab,Sandshark,CrashZone_Sand,1,0.06
5e5f00b4-1531-45c0-8aca-84cbd3b580a4,WorldEntities/Creatures/SandShark.prefab,Sandshark,Dunes_SandDune,1,0.18
5e5f00b4-1531-45c0-8aca-84cbd3b580a4,WorldEntities/Creatures/SandShark.prefab,Sandshark,Dunes_Grass,1,0.06
4064a71a-c464-4db2-942a-56391fe69951,WorldEntities/Creatures/Biter.prefab,Biter,GrassyPlateaus_Grass,1,1
4064a71a-c464-4db2-942a-56391fe69951,WorldEntities/Creatures/Biter.prefab,Biter,JellyshroomCaves_CaveFloor,1,0.6
4064a71a-c464-4db2-942a-56391fe69951,WorldEntities/Creatures/Biter.prefab,Biter,Mountains_Sand,1,0.25
4064a71a-c464-4db2-942a-56391fe69951,WorldEntities/Creatures/Biter.prefab,Biter,Mountains_Grass,1,0.5
4064a71a-c464-4db2-942a-56391fe69951,WorldEntities/Creatures/Biter.prefab,Biter,Mountains_ThermalVent,1,1
4064a71a-c464-4db2-942a-56391fe69951,WorldEntities/Creatures/Biter.prefab,Biter,Mountains_CaveFloor,1,0.3
4064a71a-c464-4db2-942a-56391fe69951,WorldEntities/Creatures/Biter.prefab,Biter,GrassyPlateaus_CaveFloor,1,1
4064a71a-c464-4db2-942a-56391fe69951,WorldEntities/Creatures/Biter.prefab,Biter,Mesas_Open,1,0.07
cf171ce2-e3d2-4cec-9757-60dbd480e486,WorldEntities/Creatures/Reginald.prefab,Reginald,GrassyPlateaus_Tower,2,3
cf171ce2-e3d2-4cec-9757-60dbd480e486,WorldEntities/Creatures/Reginald.prefab,Reginald,SparseReef_Coral,4,0.8
cf171ce2-e3d2-4cec-9757-60dbd480e486,WorldEntities/Creatures/Reginald.prefab,Reginald,SparseReef_DeepWall,4,0.75
cf171ce2-e3d2-4cec-9757-60dbd480e486,WorldEntities/Creatures/Reginald.prefab,Reginald,GrandReef_CaveWall,2,3
cf171ce2-e3d2-4cec-9757-60dbd480e486,WorldEntities/Creatures/Reginald.prefab,Reginald,DeepGrandReef_BlueCoral,2,0.66
cf171ce2-e3d2-4cec-9757-60dbd480e486,WorldEntities/Creatures/Reginald.prefab,Reginald,Mountains_Grass,1,0.8
cf171ce2-e3d2-4cec-9757-60dbd480e486,WorldEntities/Creatures/Reginald.prefab,Reginald,SeaTreaderPath_Grass,1,1
cf171ce2-e3d2-4cec-9757-60dbd480e486,WorldEntities/Creatures/Reginald.prefab,Reginald,GhostTree_Open_CreatureOnly,1,0.3
cf171ce2-e3d2-4cec-9757-60dbd480e486,WorldEntities/Creatures/Reginald.prefab,Reginald,GhostTree_Grass,1,0.3
cf171ce2-e3d2-4cec-9757-60dbd480e486,WorldEntities/Creatures/Reginald.prefab,Reginald,LostRiverJunction_Open_CreatureOnly,1,0.2
cf171ce2-e3d2-4cec-9757-60dbd480e486,WorldEntities/Creatures/Reginald.prefab,Reginald,SkeletonCave_Grass,1,0.2
cf171ce2-e3d2-4cec-9757-60dbd480e486,WorldEntities/Creatures/Reginald.prefab,Reginald,SkeletonCave_Open_CreatureOnly,1,0.3
cf171ce2-e3d2-4cec-9757-60dbd480e486,WorldEntities/Creatures/Reginald.prefab,Reginald,Canyon_Open_CreatureOnly,1,0.3
cf171ce2-e3d2-4cec-9757-60dbd480e486,WorldEntities/Creatures/Reginald.prefab,Reginald,CragField_Ground,1,0.3
cf171ce2-e3d2-4cec-9757-60dbd480e486,WorldEntities/Creatures/Reginald.prefab,Reginald,PrisonAquarium_DeadCoral,2,0.3
cf171ce2-e3d2-4cec-9757-60dbd480e486,WorldEntities/Creatures/Reginald.prefab,Reginald,PrisonAquarium_SpecialCoral,2,0.5
cf171ce2-e3d2-4cec-9757-60dbd480e486,WorldEntities/Creatures/Reginald.prefab,Reginald,LostRiverCorridor_ThermalVents,1,3
cf171ce2-e3d2-4cec-9757-60dbd480e486,WorldEntities/Creatures/Reginald.prefab,Reginald,LostRiverCorridor_Open_CreatureOnly,1,0.3
5550502d-552b-4f22-8bf2-479d73a7646c,WorldEntities/Creatures/JellyRay.prefab,Jellyray,MushroomForest_UniqueCreature,1,1
5550502d-552b-4f22-8bf2-479d73a7646c,WorldEntities/Creatures/JellyRay.prefab,Jellyray,MushroomForest_UniqueCreatureCave,1,1
5550502d-552b-4f22-8bf2-479d73a7646c,WorldEntities/Creatures/JellyRay.prefab,Jellyray,MushroomForest_Grass,1,0.4
5550502d-552b-4f22-8bf2-479d73a7646c,WorldEntities/Creatures/JellyRay.prefab,Jellyray,JellyshroomCaves_CaveSand,1,0
5550502d-552b-4f22-8bf2-479d73a7646c,WorldEntities/Creatures/JellyRay.prefab,Jellyray,DeepGrandReef_Wall,1,0.15
66072588-f5aa-4a41-a8d4-bb7e8dffee51,WorldEntities/Creatures/BoneShark.prefab,BoneShark,MushroomForest_UniqueCreature,1,0.5
66072588-f5aa-4a41-a8d4-bb7e8dffee51,WorldEntities/Creatures/BoneShark.prefab,BoneShark,KooshZone_RockWall,1,0.25
66072588-f5aa-4a41-a8d4-bb7e8dffee51,WorldEntities/Creatures/BoneShark.prefab,BoneShark,UnderwaterIslands_IslandSides,1,0.2
66072588-f5aa-4a41-a8d4-bb7e8dffee51,WorldEntities/Creatures/BoneShark.prefab,BoneShark,UnderwaterIslands_ValleyFloor,1,0.4
66072588-f5aa-4a41-a8d4-bb7e8dffee51,WorldEntities/Creatures/BoneShark.prefab,BoneShark,UnderwaterIslands_ValleyLedge,1,0.1
66072588-f5aa-4a41-a8d4-bb7e8dffee51,WorldEntities/Creatures/BoneShark.prefab,BoneShark,CragField_OpenShallow_CreatureOnly,1,0.05
66072588-f5aa-4a41-a8d4-bb7e8dffee51,WorldEntities/Creatures/BoneShark.prefab,BoneShark,CragField_Sand,1,0.06
66072588-f5aa-4a41-a8d4-bb7e8dffee51,WorldEntities/Creatures/BoneShark.prefab,BoneShark,PrisonAquarium_Rock,1,0
66072588-f5aa-4a41-a8d4-bb7e8dffee51,WorldEntities/Creatures/BoneShark.prefab,BoneShark,PrisonAquarium_Open_CreatureOnly,1,0.08
66072588-f5aa-4a41-a8d4-bb7e8dffee51,WorldEntities/Creatures/BoneShark.prefab,BoneShark,Mesas_Open,1,0.06
66072588-f5aa-4a41-a8d4-bb7e8dffee51,WorldEntities/Creatures/BoneShark.prefab,BoneShark,UnderwaterIslands_OpenShallow_CreatureOnly,1,0.03
66072588-f5aa-4a41-a8d4-bb7e8dffee51,WorldEntities/Creatures/BoneShark.prefab,BoneShark,UnderwaterIslands_OpenDeep_CreatureOnly,1,0.03
ad18b555-9073-445e-808a-d8b39d72f22e,WorldEntities/Creatures/Mesmer.prefab,Mesmer,MushroomForest_UniqueCreature,1,0.5
ad18b555-9073-445e-808a-d8b39d72f22e,WorldEntities/Creatures/Mesmer.prefab,Mesmer,KooshZone_RockWall,1,0.5
ad18b555-9073-445e-808a-d8b39d72f22e,WorldEntities/Creatures/Mesmer.prefab,Mesmer,KooshZone_HugeKooshBase,1,2
ad18b555-9073-445e-808a-d8b39d72f22e,WorldEntities/Creatures/Mesmer.prefab,Mesmer,KooshZone_CaveSpecial,1,3
ad18b555-9073-445e-808a-d8b39d72f22e,WorldEntities/Creatures/Mesmer.prefab,Mesmer,BonesField_LedgeTop,1,0.3
ad18b555-9073-445e-808a-d8b39d72f22e,WorldEntities/Creatures/Mesmer.prefab,Mesmer,CragField_Grass,1,0.1
e69be2e8-a2e3-4c4c-a979-281fbf221729,WorldEntities/Creatures/Shocker.prefab,Shocker,KooshZone_Grass,1,0.1
e69be2e8-a2e3-4c4c-a979-281fbf221729,WorldEntities/Creatures/Shocker.prefab,Shocker,KooshZone_Coral,1,0.08
e69be2e8-a2e3-4c4c-a979-281fbf221729,WorldEntities/Creatures/Shocker.prefab,Shocker,BloodKelp_WreckCreatures,1,0.2
e69be2e8-a2e3-4c4c-a979-281fbf221729,WorldEntities/Creatures/Shocker.prefab,Shocker,BloodKelp_UniqueCreatures,1,0.045
aefe2153-9e68-41cf-9615-253aa6f965aa,WorldEntities/Creatures/Oculus.prefab,Oculus,JellyshroomCaves_CaveFloor,6,1
aefe2153-9e68-41cf-9615-253aa6f965aa,WorldEntities/Creatures/Oculus.prefab,Oculus,PrisonAquarium_CaveCeiling,2,0.5
aefe2153-9e68-41cf-9615-253aa6f965aa,WorldEntities/Creatures/Oculus.prefab,Oculus,PrisonAquarium_CaveFloor,2,0.2
911afe46-6178-4594-b23c-e577e7633622,WorldEntities/Creatures/CrabSnake.prefab,Crabsnake,JellyShroomCaves_CrabSnake,1,0.4
3e0a11f1-e2b2-4c4f-9a8e-0b0a77dcc065,WorldEntities/Creatures/CaveCrawler.prefab,CaveCrawler,ShipInterior_Platform,1,3.5
3e0a11f1-e2b2-4c4f-9a8e-0b0a77dcc065,WorldEntities/Creatures/CaveCrawler.prefab,CaveCrawler,UnderwaterIslands_IslandCaveWall,1,2
3e0a11f1-e2b2-4c4f-9a8e-0b0a77dcc065,WorldEntities/Creatures/CaveCrawler.prefab,CaveCrawler,UnderwaterIslands_IslandCaveFloor,1,3
3e0a11f1-e2b2-4c4f-9a8e-0b0a77dcc065,WorldEntities/Creatures/CaveCrawler.prefab,CaveCrawler,Dunes_Rock,1,0.5
3e0a11f1-e2b2-4c4f-9a8e-0b0a77dcc065,WorldEntities/Creatures/CaveCrawler.prefab,CaveCrawler,Dunes_SandPlateau,1,0.5
3e0a11f1-e2b2-4c4f-9a8e-0b0a77dcc065,WorldEntities/Creatures/CaveCrawler.prefab,CaveCrawler,Dunes_CaveFloor,1,0.5
3e0a11f1-e2b2-4c4f-9a8e-0b0a77dcc065,WorldEntities/Creatures/CaveCrawler.prefab,CaveCrawler,FloatingIslands_Beach,1,3
3e0a11f1-e2b2-4c4f-9a8e-0b0a77dcc065,WorldEntities/Creatures/CaveCrawler.prefab,CaveCrawler,PrisonAquarium_CaveWall,1,0.2
3e0a11f1-e2b2-4c4f-9a8e-0b0a77dcc065,WorldEntities/Creatures/CaveCrawler.prefab,CaveCrawler,PrisonAquarium_CaveFloor,1,0.2
5bce4572-ee4a-497f-a992-bfe87d8b9689,WorldEntities/Spawns/Spawn_Skyray_NoRoost.prefab,None,FloatingIslands_Birds,1,0.3
f8939889-d23e-413d-b4cb-807c4a8d1761,WorldEntities/Spawns/Spawn_Skyray_Decontaminated_NoRoost.prefab,None,ShipSpecial_Birds,1,0.5
0d151194-f58d-41d7-82f0-004649d0025e,WorldEntities/Spawns/Spawn_Skyray_Decontaminated.prefab,None,ShipSpecial_RoostBirds,1,0.5
6a1b444f-138f-46fa-88bb-d673a2ceb689,WorldEntities/Creatures/Skyray.prefab,Skyray,Mountains_Birds,1,10
eed4ec38-0363-40de-84dc-de6dd9b9e876,WorldEntities/Creatures/Biter_02.prefab,Blighter,BloodKelp_CaveFloor,1,0.6
eed4ec38-0363-40de-84dc-de6dd9b9e876,WorldEntities/Creatures/Biter_02.prefab,Blighter,BloodKelp_TrenchFloor,1,0.5
eed4ec38-0363-40de-84dc-de6dd9b9e876,WorldEntities/Creatures/Biter_02.prefab,Blighter,BloodKelp_Grass,1,0.15
539af52c-f4b8-402b-ae88-e641aa031685,WorldEntities/Creatures/HoopFish_02.prefab,Spinefish,BloodKelp_Wall,1,1
539af52c-f4b8-402b-ae88-e641aa031685,WorldEntities/Creatures/HoopFish_02.prefab,Spinefish,BloodKelp_Roots,1,1
539af52c-f4b8-402b-ae88-e641aa031685,WorldEntities/Creatures/HoopFish_02.prefab,Spinefish,BloodKelp_TrenchWall,1,0.7
539af52c-f4b8-402b-ae88-e641aa031685,WorldEntities/Creatures/HoopFish_02.prefab,Spinefish,BloodKelp_TrenchRoots,1,2
539af52c-f4b8-402b-ae88-e641aa031685,WorldEntities/Creatures/HoopFish_02.prefab,Spinefish,BloodKelp_Grass,1,0.2
539af52c-f4b8-402b-ae88-e641aa031685,WorldEntities/Creatures/HoopFish_02.prefab,Spinefish,GhostTree_Open_CreatureOnly,1,0.6
539af52c-f4b8-402b-ae88-e641aa031685,WorldEntities/Creatures/HoopFish_02.prefab,Spinefish,GhostTree_Grass,1,0.7
539af52c-f4b8-402b-ae88-e641aa031685,WorldEntities/Creatures/HoopFish_02.prefab,Spinefish,BonesField_Open_Creature,1,0.6
539af52c-f4b8-402b-ae88-e641aa031685,WorldEntities/Creatures/HoopFish_02.prefab,Spinefish,BonesField_Wall,1,0.8
539af52c-f4b8-402b-ae88-e641aa031685,WorldEntities/Creatures/HoopFish_02.prefab,Spinefish,BonesField_Corridor_Ground,1,0.5
539af52c-f4b8-402b-ae88-e641aa031685,WorldEntities/Creatures/HoopFish_02.prefab,Spinefish,BonesField_Corridor_CreatureOnly,1,0.5
539af52c-f4b8-402b-ae88-e641aa031685,WorldEntities/Creatures/HoopFish_02.prefab,Spinefish,LostRiverJunction_Ground,1,0.7
539af52c-f4b8-402b-ae88-e641aa031685,WorldEntities/Creatures/HoopFish_02.prefab,Spinefish,LostRiverJunction_Ceiling,1,0.7
539af52c-f4b8-402b-ae88-e641aa031685,WorldEntities/Creatures/HoopFish_02.prefab,Spinefish,LostRiverJunction_Wall,1,0.7
539af52c-f4b8-402b-ae88-e641aa031685,WorldEntities/Creatures/HoopFish_02.prefab,Spinefish,LostRiverJunction_Open_CreatureOnly,1,0.7
539af52c-f4b8-402b-ae88-e641aa031685,WorldEntities/Creatures/HoopFish_02.prefab,Spinefish,SkeletonCave_Grass,1,0.5
539af52c-f4b8-402b-ae88-e641aa031685,WorldEntities/Creatures/HoopFish_02.prefab,Spinefish,SkeletonCave_Open_CreatureOnly,1,0.6
539af52c-f4b8-402b-ae88-e641aa031685,WorldEntities/Creatures/HoopFish_02.prefab,Spinefish,SkeletonCave_Skeleton,1,0.5
539af52c-f4b8-402b-ae88-e641aa031685,WorldEntities/Creatures/HoopFish_02.prefab,Spinefish,Canyon_Open_CreatureOnly,1,0.6
539af52c-f4b8-402b-ae88-e641aa031685,WorldEntities/Creatures/HoopFish_02.prefab,Spinefish,LostRiverJunction_LostRiverBase_Interior,1,1.5
539af52c-f4b8-402b-ae88-e641aa031685,WorldEntities/Creatures/HoopFish_02.prefab,Spinefish,BloodKelp_OpenDeep_CreatureOnly,1,0.075
539af52c-f4b8-402b-ae88-e641aa031685,WorldEntities/Creatures/HoopFish_02.prefab,Spinefish,LostRiverCorridor_Ground,1,0.3
539af52c-f4b8-402b-ae88-e641aa031685,WorldEntities/Creatures/HoopFish_02.prefab,Spinefish,LostRiverCorridor_Ceiling,1,0.3
539af52c-f4b8-402b-ae88-e641aa031685,WorldEntities/Creatures/HoopFish_02.prefab,Spinefish,LostRiverCorridor_Wall,1,0.3
539af52c-f4b8-402b-ae88-e641aa031685,WorldEntities/Creatures/HoopFish_02.prefab,Spinefish,LostRiverCorridor_Open_CreatureOnly,1,0.3
2d3ea578-e4fa-4246-8bc9-ed8e66dec781,WorldEntities/Creatures/HoopFish_02_School.prefab,HoopfishSchool,BloodKelp_Roots,1,0.7
2d3ea578-e4fa-4246-8bc9-ed8e66dec781,WorldEntities/Creatures/HoopFish_02_School.prefab,HoopfishSchool,BloodKelp_TrenchRoots,1,0.5
2d3ea578-e4fa-4246-8bc9-ed8e66dec781,WorldEntities/Creatures/HoopFish_02_School.prefab,HoopfishSchool,GhostTree_Open_CreatureOnly,1,0.2
2d3ea578-e4fa-4246-8bc9-ed8e66dec781,WorldEntities/Creatures/HoopFish_02_School.prefab,HoopfishSchool,GhostTree_Grass,1,0.5
2d3ea578-e4fa-4246-8bc9-ed8e66dec781,WorldEntities/Creatures/HoopFish_02_School.prefab,HoopfishSchool,BonesField_Wall,1,0.4
2d3ea578-e4fa-4246-8bc9-ed8e66dec781,WorldEntities/Creatures/HoopFish_02_School.prefab,HoopfishSchool,BonesField_Open_Creature,1,0.35
2d3ea578-e4fa-4246-8bc9-ed8e66dec781,WorldEntities/Creatures/HoopFish_02_School.prefab,HoopfishSchool,BonesField_Corridor_Ground,1,0.35
2d3ea578-e4fa-4246-8bc9-ed8e66dec781,WorldEntities/Creatures/HoopFish_02_School.prefab,HoopfishSchool,BonesField_Corridor_CreatureOnly,1,0.35
2d3ea578-e4fa-4246-8bc9-ed8e66dec781,WorldEntities/Creatures/HoopFish_02_School.prefab,HoopfishSchool,LostRiverJunction_Open_CreatureOnly,1,0.3
2d3ea578-e4fa-4246-8bc9-ed8e66dec781,WorldEntities/Creatures/HoopFish_02_School.prefab,HoopfishSchool,LostRiverJunction_Ground,1,0.2
2d3ea578-e4fa-4246-8bc9-ed8e66dec781,WorldEntities/Creatures/HoopFish_02_School.prefab,HoopfishSchool,LostRiverJunction_Ceiling,1,0.2
2d3ea578-e4fa-4246-8bc9-ed8e66dec781,WorldEntities/Creatures/HoopFish_02_School.prefab,HoopfishSchool,LostRiverJunction_Wall,1,0.2
2d3ea578-e4fa-4246-8bc9-ed8e66dec781,WorldEntities/Creatures/HoopFish_02_School.prefab,HoopfishSchool,SkeletonCave_Grass,1,0.6
2d3ea578-e4fa-4246-8bc9-ed8e66dec781,WorldEntities/Creatures/HoopFish_02_School.prefab,HoopfishSchool,SkeletonCave_Open_CreatureOnly,1,0.2
2d3ea578-e4fa-4246-8bc9-ed8e66dec781,WorldEntities/Creatures/HoopFish_02_School.prefab,HoopfishSchool,Canyon_Open_CreatureOnly,1,0.2
2d3ea578-e4fa-4246-8bc9-ed8e66dec781,WorldEntities/Creatures/HoopFish_02_School.prefab,HoopfishSchool,GhostTree_Lake_Floor,1,0.1
2d3ea578-e4fa-4246-8bc9-ed8e66dec781,WorldEntities/Creatures/HoopFish_02_School.prefab,HoopfishSchool,BloodKelp_OpenDeep_CreatureOnly,1,0.15
2d3ea578-e4fa-4246-8bc9-ed8e66dec781,WorldEntities/Creatures/HoopFish_02_School.prefab,HoopfishSchool,LostRiverCorridor_Ceiling,1,0.05
2d3ea578-e4fa-4246-8bc9-ed8e66dec781,WorldEntities/Creatures/HoopFish_02_School.prefab,HoopfishSchool,LostRiverCorridor_Ground,1,0.075
2d3ea578-e4fa-4246-8bc9-ed8e66dec781,WorldEntities/Creatures/HoopFish_02_School.prefab,HoopfishSchool,LostRiverCorridor_Wall,1,0.05
2d3ea578-e4fa-4246-8bc9-ed8e66dec781,WorldEntities/Creatures/HoopFish_02_School.prefab,HoopfishSchool,LostRiverCorridor_Open_CreatureOnly,1,0.15
830a8fa0-d92d-4683-a193-7531e6968042,WorldEntities/Creatures/CaveCrawler_03.prefab,Shuttlebug,BloodKelp_CaveFloor,1,0.7
830a8fa0-d92d-4683-a193-7531e6968042,WorldEntities/Creatures/CaveCrawler_03.prefab,Shuttlebug,GhostTree_Ground_Lower,1,0.5
830a8fa0-d92d-4683-a193-7531e6968042,WorldEntities/Creatures/CaveCrawler_03.prefab,Shuttlebug,SkeletonCave_Algae,1,0.2
830a8fa0-d92d-4683-a193-7531e6968042,WorldEntities/Creatures/CaveCrawler_03.prefab,Shuttlebug,Canyon_Algae,1,0.2
0c8a460a-3b93-4652-abd1-4a930b32a0a6,WorldEntities/Eggs/ShockerEgg.prefab,ShockerEgg,BloodKelp_ShockerEggs,1,0.1
0c8a460a-3b93-4652-abd1-4a930b32a0a6,WorldEntities/Eggs/ShockerEgg.prefab,ShockerEgg,KooshZone_HugeKooshBase,1,0.3
0c8a460a-3b93-4652-abd1-4a930b32a0a6,WorldEntities/Eggs/ShockerEgg.prefab,ShockerEgg,KooshZone_Grass,1,0.1
e2e5bb2d-6427-431c-ac3d-036c22083222,WorldEntities/Eggs/StalkerEgg.prefab,StalkerEgg,Kelp_VineBase,1,0.3
bc0f2b09-1c5c-4573-bdcb-087883677a5f,WorldEntities/Eggs/SandsharkEgg.prefab,SandsharkEgg,GrassyPlateaus_Grass,1,0.2
b6c3cde4-739a-4a1a-b93b-78501ca9ae82,WorldEntities/Eggs/GasopodEgg.prefab,GasopodEgg,SafeShallows_UniqueCreature,1,0.6
b6c3cde4-739a-4a1a-b93b-78501ca9ae82,WorldEntities/Eggs/GasopodEgg.prefab,GasopodEgg,Dunes_ThermalVent_Grass,1,0.5
b6c3cde4-739a-4a1a-b93b-78501ca9ae82,WorldEntities/Eggs/GasopodEgg.prefab,GasopodEgg,Mesas_Top,1,0.5
66910d41-da61-4ee6-8bf2-da6a449fe3f4,WorldEntities/Eggs/RabbitRayEgg.prefab,RabbitrayEgg,SafeShallows_Plants,1,0.3
b3cb0fcd-5bff-4152-8188-955172484705,WorldEntities/Fragments/CyclopsHull_Fragment_Medium.prefab,CyclopsHullFragment,MushroomForest_TechSite,1,0.08
b3cb0fcd-5bff-4152-8188-955172484705,WorldEntities/Fragments/CyclopsHull_Fragment_Medium.prefab,CyclopsHullFragment,MushroomForest_TechSite_Barrier,1,0.16
b3cb0fcd-5bff-4152-8188-955172484705,WorldEntities/Fragments/CyclopsHull_Fragment_Medium.prefab,CyclopsHullFragment,MushroomForest_Sand,1,0.03
b3cb0fcd-5bff-4152-8188-955172484705,WorldEntities/Fragments/CyclopsHull_Fragment_Medium.prefab,CyclopsHullFragment,MushroomForest_Grass,1,0.03
b3cb0fcd-5bff-4152-8188-955172484705,WorldEntities/Fragments/CyclopsHull_Fragment_Medium.prefab,CyclopsHullFragment,SeaTreaderPath_Sand,1,0.02
b3cb0fcd-5bff-4152-8188-955172484705,WorldEntities/Fragments/CyclopsHull_Fragment_Medium.prefab,CyclopsHullFragment,SeaTreaderPath_Grass,1,0.03
b3cb0fcd-5bff-4152-8188-955172484705,WorldEntities/Fragments/CyclopsHull_Fragment_Medium.prefab,CyclopsHullFragment,SeaTreaderPath_TechSite_Scatter,1,0.08
b3cb0fcd-5bff-4152-8188-955172484705,WorldEntities/Fragments/CyclopsHull_Fragment_Medium.prefab,CyclopsHullFragment,SeaTreaderPath_TechSite,1,0.3
b3cb0fcd-5bff-4152-8188-955172484705,WorldEntities/Fragments/CyclopsHull_Fragment_Medium.prefab,CyclopsHullFragment,SeaTreaderPath_TechSite_Barrier,1,0.5
e04a1f29-2f36-414e-b1a4-82f320cf6999,WorldEntities/Fragments/CyclopsEngine_Fragment.prefab,CyclopsEngineFragment,UnderwaterIslands_TechSite_Scatter,1,0.15
e04a1f29-2f36-414e-b1a4-82f320cf6999,WorldEntities/Fragments/CyclopsEngine_Fragment.prefab,CyclopsEngineFragment,Mountains_TechSite_Scatter,1,0.08
e04a1f29-2f36-414e-b1a4-82f320cf6999,WorldEntities/Fragments/CyclopsEngine_Fragment.prefab,CyclopsEngineFragment,Mountains_Sand,1,0.02
e04a1f29-2f36-414e-b1a4-82f320cf6999,WorldEntities/Fragments/CyclopsEngine_Fragment.prefab,CyclopsEngineFragment,Mountains_Grass,1,0.04
e04a1f29-2f36-414e-b1a4-82f320cf6999,WorldEntities/Fragments/CyclopsEngine_Fragment.prefab,CyclopsEngineFragment,ShipInterior_Cargo_Crate,1,1
e04a1f29-2f36-414e-b1a4-82f320cf6999,WorldEntities/Fragments/CyclopsEngine_Fragment.prefab,CyclopsEngineFragment,CrashZone_TrenchSand,1,0.1
e04a1f29-2f36-414e-b1a4-82f320cf6999,WorldEntities/Fragments/CyclopsEngine_Fragment.prefab,CyclopsEngineFragment,CragField_Grass,1,0.04
4c19a96d-ec33-4ccd-a7b1-0d8835c32cc8,WorldEntities/Fragments/CyclopsBridge_Fragment.prefab,CyclopsBridgeFragment,CrashZone_TrenchSand,1,0.1
4c19a96d-ec33-4ccd-a7b1-0d8835c32cc8,WorldEntities/Fragments/CyclopsBridge_Fragment.prefab,CyclopsBridgeFragment,MushroomForest_TechSite,1,0.08
4c19a96d-ec33-4ccd-a7b1-0d8835c32cc8,WorldEntities/Fragments/CyclopsBridge_Fragment.prefab,CyclopsBridgeFragment,MushroomForest_TechSite_Barrier,1,0.16
4c19a96d-ec33-4ccd-a7b1-0d8835c32cc8,WorldEntities/Fragments/CyclopsBridge_Fragment.prefab,CyclopsBridgeFragment,SeaTreaderPath_TechSite,1,0.2
4c19a96d-ec33-4ccd-a7b1-0d8835c32cc8,WorldEntities/Fragments/CyclopsBridge_Fragment.prefab,CyclopsBridgeFragment,SeaTreaderPath_TechSite_Barrier,1,0.4
4c19a96d-ec33-4ccd-a7b1-0d8835c32cc8,WorldEntities/Fragments/CyclopsBridge_Fragment.prefab,CyclopsBridgeFragment,MushroomForest_Sand,1,0.03
4c19a96d-ec33-4ccd-a7b1-0d8835c32cc8,WorldEntities/Fragments/CyclopsBridge_Fragment.prefab,CyclopsBridgeFragment,MushroomForest_Grass,1,0.03
4c19a96d-ec33-4ccd-a7b1-0d8835c32cc8,WorldEntities/Fragments/CyclopsBridge_Fragment.prefab,CyclopsBridgeFragment,SeaTreaderPath_Sand,1,0.06
4c19a96d-ec33-4ccd-a7b1-0d8835c32cc8,WorldEntities/Fragments/CyclopsBridge_Fragment.prefab,CyclopsBridgeFragment,SeaTreaderPath_Grass,1,0.08
79134cca-9eb5-4af0-8fa3-ff15565d7117,WorldEntities/Fragments/Seamoth_Fragment.prefab,SeamothFragment,GrassyPlateaus_Sand,1,0.015
79134cca-9eb5-4af0-8fa3-ff15565d7117,WorldEntities/Fragments/Seamoth_Fragment.prefab,SeamothFragment,GrassyPlateaus_Grass,1,0.015
79134cca-9eb5-4af0-8fa3-ff15565d7117,WorldEntities/Fragments/Seamoth_Fragment.prefab,SeamothFragment,GrassyPlateaus_TechSite_Scattered,1,0.05
485196ae-a0a0-44a1-9b3e-dabf708ea724,WorldEntities/Fragments/moonpoolfragment.prefab,MoonpoolFragment,BloodKelp_TechSite_Barrier,1,0
485196ae-a0a0-44a1-9b3e-dabf708ea724,WorldEntities/Fragments/moonpoolfragment.prefab,MoonpoolFragment,BloodKelp_TechSite_Scatter,1,0.15
485196ae-a0a0-44a1-9b3e-dabf708ea724,WorldEntities/Fragments/moonpoolfragment.prefab,MoonpoolFragment,BloodKelp_TrenchFloor,1,0.06
485196ae-a0a0-44a1-9b3e-dabf708ea724,WorldEntities/Fragments/moonpoolfragment.prefab,MoonpoolFragment,GrandReef_TechSite_Scattered,1,0.08
485196ae-a0a0-44a1-9b3e-dabf708ea724,WorldEntities/Fragments/moonpoolfragment.prefab,MoonpoolFragment,GrandReef_Ground,1,0.01
485196ae-a0a0-44a1-9b3e-dabf708ea724,WorldEntities/Fragments/moonpoolfragment.prefab,MoonpoolFragment,Mountains_TechSite_Scatter,1,0.05
485196ae-a0a0-44a1-9b3e-dabf708ea724,WorldEntities/Fragments/moonpoolfragment.prefab,MoonpoolFragment,Mountains_Grass,1,0.03
485196ae-a0a0-44a1-9b3e-dabf708ea724,WorldEntities/Fragments/moonpoolfragment.prefab,MoonpoolFragment,Dunes_TechSite_Scatter,1,0.08
485196ae-a0a0-44a1-9b3e-dabf708ea724,WorldEntities/Fragments/moonpoolfragment.prefab,MoonpoolFragment,JellyShroomCaves_AbandonedBase_Outside,1,0.07
485196ae-a0a0-44a1-9b3e-dabf708ea724,WorldEntities/Fragments/moonpoolfragment.prefab,MoonpoolFragment,SparseReef_Techsite_Scatter,1,0.06
485196ae-a0a0-44a1-9b3e-dabf708ea724,WorldEntities/Fragments/moonpoolfragment.prefab,MoonpoolFragment,MushroomForest_Sand,1,0.025
485196ae-a0a0-44a1-9b3e-dabf708ea724,WorldEntities/Fragments/moonpoolfragment.prefab,MoonpoolFragment,MushroomForest_Grass,1,0.05
abfd2c46-f49e-41af-a965-73048dc9bf28,WorldEntities/Fragments/Constructor_Fragment.prefab,ConstructorFragment,GrassyPlateaus_TechSite,1,0.06
abfd2c46-f49e-41af-a965-73048dc9bf28,WorldEntities/Fragments/Constructor_Fragment.prefab,ConstructorFragment,GrassyPlateaus_TechSite_Barrier,1,0.15
abfd2c46-f49e-41af-a965-73048dc9bf28,WorldEntities/Fragments/Constructor_Fragment.prefab,ConstructorFragment,Kelp_TechSite,1,0.1
abfd2c46-f49e-41af-a965-73048dc9bf28,WorldEntities/Fragments/Constructor_Fragment.prefab,ConstructorFragment,Kelp_TechSite_Barrier,1,0.15
abfd2c46-f49e-41af-a965-73048dc9bf28,WorldEntities/Fragments/Constructor_Fragment.prefab,ConstructorFragment,SafeShallows_TechSite_Barrier,1,0.1
589bf5a6-6866-4828-90b2-7266661bb6ed,WorldEntities/Fragments/BaseBioReactor_Fragment.prefab,BaseBioReactorFragment,GrassyPlateaus_Grass,1,0.015
589bf5a6-6866-4828-90b2-7266661bb6ed,WorldEntities/Fragments/BaseBioReactor_Fragment.prefab,BaseBioReactorFragment,GrassyPlateaus_Sand,1,0.015
589bf5a6-6866-4828-90b2-7266661bb6ed,WorldEntities/Fragments/BaseBioReactor_Fragment.prefab,BaseBioReactorFragment,GrassyPlateaus_TechSite_Scattered,1,0.05
589bf5a6-6866-4828-90b2-7266661bb6ed,WorldEntities/Fragments/BaseBioReactor_Fragment.prefab,BaseBioReactorFragment,Kelp_TechSite_Scattered,1,0.04
589bf5a6-6866-4828-90b2-7266661bb6ed,WorldEntities/Fragments/BaseBioReactor_Fragment.prefab,BaseBioReactorFragment,SparseReef_Techsite_Scatter,1,0.04
7436aeba-f8df-4887-b369-e630fa01f716,WorldEntities/Fragments/powertransmitterfragment.prefab,PowerTransmitterFragment,MushroomForest_TechSite,1,0.05
7436aeba-f8df-4887-b369-e630fa01f716,WorldEntities/Fragments/powertransmitterfragment.prefab,PowerTransmitterFragment,MushroomForest_Sand,1,0.05
7436aeba-f8df-4887-b369-e630fa01f716,WorldEntities/Fragments/powertransmitterfragment.prefab,PowerTransmitterFragment,MushroomForest_Grass,1,0.04
7436aeba-f8df-4887-b369-e630fa01f716,WorldEntities/Fragments/powertransmitterfragment.prefab,PowerTransmitterFragment,CrashZone_Sand,1,0.04
7436aeba-f8df-4887-b369-e630fa01f716,WorldEntities/Fragments/powertransmitterfragment.prefab,PowerTransmitterFragment,KooshZone_TechSite,1,0.04
7436aeba-f8df-4887-b369-e630fa01f716,WorldEntities/Fragments/powertransmitterfragment.prefab,PowerTransmitterFragment,KooshZone_TechSite_Scatter,1,0.08
ba258aad-07e9-4c9b-b517-2ce7400db7b2,WorldEntities/Fragments/scannerroomfragment.prefab,ScannerRoomFragment,GrassyPlateaus_Sand,1,0.015
ba258aad-07e9-4c9b-b517-2ce7400db7b2,WorldEntities/Fragments/scannerroomfragment.prefab,ScannerRoomFragment,GrassyPlateaus_TechSite_Scattered,1,0.06
ba258aad-07e9-4c9b-b517-2ce7400db7b2,WorldEntities/Fragments/scannerroomfragment.prefab,ScannerRoomFragment,KooshZone_TechSite_Scatter,1,0.1
ba258aad-07e9-4c9b-b517-2ce7400db7b2,WorldEntities/Fragments/scannerroomfragment.prefab,ScannerRoomFragment,GrandReef_TechSite_Scattered,1,0.1
ba258aad-07e9-4c9b-b517-2ce7400db7b2,WorldEntities/Fragments/scannerroomfragment.prefab,ScannerRoomFragment,DeepGrandReef_AbandonedBase_Exterior,1,0.1
ba258aad-07e9-4c9b-b517-2ce7400db7b2,WorldEntities/Fragments/scannerroomfragment.prefab,ScannerRoomFragment,BloodKelp_TrenchFloor,1,0.04
ba258aad-07e9-4c9b-b517-2ce7400db7b2,WorldEntities/Fragments/scannerroomfragment.prefab,ScannerRoomFragment,CragField_Sand,1,0.03
8bdb65a9-1057-4e6d-bf40-94cf6dc5a129,WorldEntities/Fragments/StasisRifleJunkFragment.prefab,None,SafeShallows_TechSite_Barrier,1,0.04
8bdb65a9-1057-4e6d-bf40-94cf6dc5a129,WorldEntities/Fragments/StasisRifleJunkFragment.prefab,None,UnderwaterIslands_TechSite,1,0.04
8bdb65a9-1057-4e6d-bf40-94cf6dc5a129,WorldEntities/Fragments/StasisRifleJunkFragment.prefab,None,UnderwaterIslands_TechSite_Barrier,1,0.06
8bdb65a9-1057-4e6d-bf40-94cf6dc5a129,WorldEntities/Fragments/StasisRifleJunkFragment.prefab,None,KooshZone_TechSite,1,0.08
8bdb65a9-1057-4e6d-bf40-94cf6dc5a129,WorldEntities/Fragments/StasisRifleJunkFragment.prefab,None,KooshZone_TechSite_Barrier,1,0.15
8bdb65a9-1057-4e6d-bf40-94cf6dc5a129,WorldEntities/Fragments/StasisRifleJunkFragment.prefab,None,UnderwaterIslands_IslandTop,1,0.06
8bdb65a9-1057-4e6d-bf40-94cf6dc5a129,WorldEntities/Fragments/StasisRifleJunkFragment.prefab,None,UnderwaterIslands_ValleyFloor,1,0.06
8bdb65a9-1057-4e6d-bf40-94cf6dc5a129,WorldEntities/Fragments/StasisRifleJunkFragment.prefab,None,FloatingIslands_AbandonedBase_Outside,1,0.06
8bdb65a9-1057-4e6d-bf40-94cf6dc5a129,WorldEntities/Fragments/StasisRifleJunkFragment.prefab,None,Kelp_TechSite_Barrier,1,0.06
43ba333e-2eb6-4b6f-ac74-6b6188e82297,WorldEntities/Eggs/BonesharkEgg.prefab,BonesharkEgg,KooshZone_Grass,1,0.2
43ba333e-2eb6-4b6f-ac74-6b6188e82297,WorldEntities/Eggs/BonesharkEgg.prefab,BonesharkEgg,MushroomForest_Grass,1,0.2
43ba333e-2eb6-4b6f-ac74-6b6188e82297,WorldEntities/Eggs/BonesharkEgg.prefab,BonesharkEgg,MushroomForest_GiantTreeInteriorFloor,1,0.3
344b5156-838c-4054-b9bb-0f065a2488f8,WorldEntities/Eggs/JellyrayEgg.prefab,JellyrayEgg,MushroomForest_Grass,1,0.2
344b5156-838c-4054-b9bb-0f065a2488f8,WorldEntities/Eggs/JellyrayEgg.prefab,JellyrayEgg,MushroomForest_GiantTreeInteriorFloor,1,0.3
344b5156-838c-4054-b9bb-0f065a2488f8,WorldEntities/Eggs/JellyrayEgg.prefab,JellyrayEgg,MushroomForest_MushroomTreeBase,1,0.2
8a211aaf-d471-48f0-b73f-eddc22b8c025,WorldEntities/Eggs/CrabsnakeEgg.prefab,CrabsnakeEgg,JellyShroomCaves_InsideShroom,1,0.5
35cd770e-59ed-4592-8b52-ff9f7bab62e8,WorldEntities/Fragments/CyclopsHull_Fragment_Large.prefab,CyclopsHullFragment,MushroomForest_TechSite,1,0
35cd770e-59ed-4592-8b52-ff9f7bab62e8,WorldEntities/Fragments/CyclopsHull_Fragment_Large.prefab,CyclopsHullFragment,MushroomForest_TechSite_Barrier,1,0
35cd770e-59ed-4592-8b52-ff9f7bab62e8,WorldEntities/Fragments/CyclopsHull_Fragment_Large.prefab,CyclopsHullFragment,MushroomForest_Sand,1,0.03
35cd770e-59ed-4592-8b52-ff9f7bab62e8,WorldEntities/Fragments/CyclopsHull_Fragment_Large.prefab,CyclopsHullFragment,MushroomForest_Grass,1,0.03
35cd770e-59ed-4592-8b52-ff9f7bab62e8,WorldEntities/Fragments/CyclopsHull_Fragment_Large.prefab,CyclopsHullFragment,CrashZone_Sand,1,0.01
35cd770e-59ed-4592-8b52-ff9f7bab62e8,WorldEntities/Fragments/CyclopsHull_Fragment_Large.prefab,CyclopsHullFragment,SeaTreaderPath_Sand,1,0.02
35cd770e-59ed-4592-8b52-ff9f7bab62e8,WorldEntities/Fragments/CyclopsHull_Fragment_Large.prefab,CyclopsHullFragment,SeaTreaderPath_Grass,1,0.03
35cd770e-59ed-4592-8b52-ff9f7bab62e8,WorldEntities/Fragments/CyclopsHull_Fragment_Large.prefab,CyclopsHullFragment,SeaTreaderPath_TechSite_Scatter,1,0.08
4c2808fe-e051-44d2-8e64-120ddcdc8abb,WorldEntities/Creatures/CrabSquid.prefab,CrabSquid,BloodKelp_UniqueCreatures,1,0.05
4c2808fe-e051-44d2-8e64-120ddcdc8abb,WorldEntities/Creatures/CrabSquid.prefab,CrabSquid,DeepGrandReef_BlueCoral,1,0.015
4c2808fe-e051-44d2-8e64-120ddcdc8abb,WorldEntities/Creatures/CrabSquid.prefab,CrabSquid,TreeCove_Ground,1,0
4c2808fe-e051-44d2-8e64-120ddcdc8abb,WorldEntities/Creatures/CrabSquid.prefab,CrabSquid,GhostTree_Open_Big_CreatureOnly,1,0.2
4c2808fe-e051-44d2-8e64-120ddcdc8abb,WorldEntities/Creatures/CrabSquid.prefab,CrabSquid,BonesField_Corridor_CreatureOnly,1,0.03
4c2808fe-e051-44d2-8e64-120ddcdc8abb,WorldEntities/Creatures/CrabSquid.prefab,CrabSquid,SkeletonCave_Open_CreatureOnly,1,0.02
3e09729a-2c2d-4b93-9089-c62d82963ef3,WorldEntities/Fragments/PowerCellCharger_Fragment.prefab,PowerCellChargerFragment,SparseReef_DeepFloor,1,0.2
3e09729a-2c2d-4b93-9089-c62d82963ef3,WorldEntities/Fragments/PowerCellCharger_Fragment.prefab,PowerCellChargerFragment,MushroomForest_TechSite,1,0.06
3e09729a-2c2d-4b93-9089-c62d82963ef3,WorldEntities/Fragments/PowerCellCharger_Fragment.prefab,PowerCellChargerFragment,MushroomForest_TechSite_Barrier,1,0.12
3e09729a-2c2d-4b93-9089-c62d82963ef3,WorldEntities/Fragments/PowerCellCharger_Fragment.prefab,PowerCellChargerFragment,UnderwaterIslands_TechSite,1,0.05
3e09729a-2c2d-4b93-9089-c62d82963ef3,WorldEntities/Fragments/PowerCellCharger_Fragment.prefab,PowerCellChargerFragment,UnderwaterIslands_TechSite_Barrier,1,0.1
3e09729a-2c2d-4b93-9089-c62d82963ef3,WorldEntities/Fragments/PowerCellCharger_Fragment.prefab,PowerCellChargerFragment,JellyShroomCaves_AbandonedBase_Outside,1,0.1
3e09729a-2c2d-4b93-9089-c62d82963ef3,WorldEntities/Fragments/PowerCellCharger_Fragment.prefab,PowerCellChargerFragment,SparseReef_Techsite,1,0.05
3e09729a-2c2d-4b93-9089-c62d82963ef3,WorldEntities/Fragments/PowerCellCharger_Fragment.prefab,PowerCellChargerFragment,SparseReef_Techsite_Barrier,1,0.1
3e09729a-2c2d-4b93-9089-c62d82963ef3,WorldEntities/Fragments/PowerCellCharger_Fragment.prefab,PowerCellChargerFragment,Dunes_TechSite,1,0.05
3e09729a-2c2d-4b93-9089-c62d82963ef3,WorldEntities/Fragments/PowerCellCharger_Fragment.prefab,PowerCellChargerFragment,Dunes_TechSite_Barrier,1,0.12
64351d31-de9a-406a-8061-c7e8be5dd66c,WorldEntities/Fragments/BatteryCharger_Fragment.prefab,BatteryChargerFragment,GrassyPlateaus_TechSite,1,0.06
64351d31-de9a-406a-8061-c7e8be5dd66c,WorldEntities/Fragments/BatteryCharger_Fragment.prefab,BatteryChargerFragment,GrassyPlateaus_TechSite_Barrier,1,0.15
04c3c51a-fa9c-4fe4-bc89-24061ffa6f26,WorldEntities/Creatures/BoomerangLava.prefab,LavaBoomerang,InactiveLavaZone_Chamber_Open_CreatureOnly,1,1
04c3c51a-fa9c-4fe4-bc89-24061ffa6f26,WorldEntities/Creatures/BoomerangLava.prefab,LavaBoomerang,InactiveLavaZone_Corridor_Open_CreatureOnly,1,1
04c3c51a-fa9c-4fe4-bc89-24061ffa6f26,WorldEntities/Creatures/BoomerangLava.prefab,LavaBoomerang,ActiveLavaZone_Chamber_Open_CreatureOnly,1,1
04c3c51a-fa9c-4fe4-bc89-24061ffa6f26,WorldEntities/Creatures/BoomerangLava.prefab,LavaBoomerang,ActiveLavaZone_Falls_Open_CreatureOnly,1,1
04c3c51a-fa9c-4fe4-bc89-24061ffa6f26,WorldEntities/Creatures/BoomerangLava.prefab,LavaBoomerang,InactiveLavaZone_CastleChamber_Open_CreatureOnly,1,0.4
04c3c51a-fa9c-4fe4-bc89-24061ffa6f26,WorldEntities/Creatures/BoomerangLava.prefab,LavaBoomerang,InactiveLavaZone_CastleTunnel_Open_CreatureOnly,1,0.4
04c3c51a-fa9c-4fe4-bc89-24061ffa6f26,WorldEntities/Creatures/BoomerangLava.prefab,LavaBoomerang,InactiveLavaZone_Chamber_Dragon_Open_CreatureOnly,1,0.5
f9006f3c-1694-4711-9532-624577e4ac7d,WorldEntities/Creatures/EyeyeLava.prefab,LavaEyeye,InactiveLavaZone_Chamber_Open_CreatureOnly,1,1
f9006f3c-1694-4711-9532-624577e4ac7d,WorldEntities/Creatures/EyeyeLava.prefab,LavaEyeye,InactiveLavaZone_Corridor_Open_CreatureOnly,1,1
f9006f3c-1694-4711-9532-624577e4ac7d,WorldEntities/Creatures/EyeyeLava.prefab,LavaEyeye,ActiveLavaZone_Chamber_Open_CreatureOnly,1,1
f9006f3c-1694-4711-9532-624577e4ac7d,WorldEntities/Creatures/EyeyeLava.prefab,LavaEyeye,ActiveLavaZone_Falls_Open_CreatureOnly,1,1
f9006f3c-1694-4711-9532-624577e4ac7d,WorldEntities/Creatures/EyeyeLava.prefab,LavaEyeye,InactiveLavaZone_CastleChamber_Open_CreatureOnly,1,0.4
f9006f3c-1694-4711-9532-624577e4ac7d,WorldEntities/Creatures/EyeyeLava.prefab,LavaEyeye,InactiveLavaZone_CastleTunnel_Open_CreatureOnly,1,0.4
f9006f3c-1694-4711-9532-624577e4ac7d,WorldEntities/Creatures/EyeyeLava.prefab,LavaEyeye,InactiveLavaZone_Chamber_Dragon_Open_CreatureOnly,1,0.5
8928dc78-e8fe-414d-aeff-e53709eb6930,WorldEntities/Fragments/waterparkfragment.prefab,BaseWaterParkFragment,KooshZone_TechSite,1,0
8928dc78-e8fe-414d-aeff-e53709eb6930,WorldEntities/Fragments/waterparkfragment.prefab,BaseWaterParkFragment,BloodKelp_TechSite,1,0
8928dc78-e8fe-414d-aeff-e53709eb6930,WorldEntities/Fragments/waterparkfragment.prefab,BaseWaterParkFragment,GrandReef_TechSite,1,0
8928dc78-e8fe-414d-aeff-e53709eb6930,WorldEntities/Fragments/waterparkfragment.prefab,BaseWaterParkFragment,DeepGrandReef_BlueCoral,1,0
8928dc78-e8fe-414d-aeff-e53709eb6930,WorldEntities/Fragments/waterparkfragment.prefab,BaseWaterParkFragment,SeaTreaderPath_TechSite,1,0
601ee500-1744-4697-8279-59ef35160edb,WorldEntities/Natural/drillable/DrillableCopper.prefab,DrillableCopper,GrandReef_Ground,1,0.03
601ee500-1744-4697-8279-59ef35160edb,WorldEntities/Natural/drillable/DrillableCopper.prefab,DrillableCopper,MushroomForest_Sand,1,0.05
601ee500-1744-4697-8279-59ef35160edb,WorldEntities/Natural/drillable/DrillableCopper.prefab,DrillableCopper,BloodKelp_Floor,1,0.04
601ee500-1744-4697-8279-59ef35160edb,WorldEntities/Natural/drillable/DrillableCopper.prefab,DrillableCopper,BloodKelp_TrenchFloor,1,0.1
601ee500-1744-4697-8279-59ef35160edb,WorldEntities/Natural/drillable/DrillableCopper.prefab,DrillableCopper,BloodKelp_CaveFloor,1,0.2
601ee500-1744-4697-8279-59ef35160edb,WorldEntities/Natural/drillable/DrillableCopper.prefab,DrillableCopper,LostRiverJunction_LakeFloor,1,0.2
601ee500-1744-4697-8279-59ef35160edb,WorldEntities/Natural/drillable/DrillableCopper.prefab,DrillableCopper,InactiveLavaZone_Corridor_Floor_Far,1,0.1
a05fe1c9-ae0d-43db-a12c-865992808cb2,WorldEntities/Natural/drillable/DrillableGold.prefab,DrillableGold,JellyshroomCaves_CaveSand,1,0.25
a05fe1c9-ae0d-43db-a12c-865992808cb2,WorldEntities/Natural/drillable/DrillableGold.prefab,DrillableGold,JellyshroomCaves_CaveFloor,1,0.125
a05fe1c9-ae0d-43db-a12c-865992808cb2,WorldEntities/Natural/drillable/DrillableGold.prefab,DrillableGold,KooshZone_Sand,1,0.04
a05fe1c9-ae0d-43db-a12c-865992808cb2,WorldEntities/Natural/drillable/DrillableGold.prefab,DrillableGold,BloodKelp_Floor,1,0.03
a05fe1c9-ae0d-43db-a12c-865992808cb2,WorldEntities/Natural/drillable/DrillableGold.prefab,DrillableGold,BloodKelp_TrenchFloor,1,0.1
a05fe1c9-ae0d-43db-a12c-865992808cb2,WorldEntities/Natural/drillable/DrillableGold.prefab,DrillableGold,BloodKelp_CaveFloor,1,0.15
a05fe1c9-ae0d-43db-a12c-865992808cb2,WorldEntities/Natural/drillable/DrillableGold.prefab,DrillableGold,UnderwaterIslands_ValleyLedge,1,0.075
a05fe1c9-ae0d-43db-a12c-865992808cb2,WorldEntities/Natural/drillable/DrillableGold.prefab,DrillableGold,TreeCove_LakeFloor,1,0.1
a05fe1c9-ae0d-43db-a12c-865992808cb2,WorldEntities/Natural/drillable/DrillableGold.prefab,DrillableGold,BonesField_LakePit_Floor,1,0.2
a05fe1c9-ae0d-43db-a12c-865992808cb2,WorldEntities/Natural/drillable/DrillableGold.prefab,DrillableGold,LostRiverJunction_LakeFloor,1,0.15
a05fe1c9-ae0d-43db-a12c-865992808cb2,WorldEntities/Natural/drillable/DrillableGold.prefab,DrillableGold,InactiveLavaZone_Chamber_Floor_Far,1,0.05
a05fe1c9-ae0d-43db-a12c-865992808cb2,WorldEntities/Natural/drillable/DrillableGold.prefab,DrillableGold,BonesField_Cave_Ground,1,0.3
846c3df6-ffbf-4206-b591-72f5ba11ed40,WorldEntities/Natural/drillable/DrillableLithium.prefab,DrillableLithium,MushroomForest_Sand,1,0.025
846c3df6-ffbf-4206-b591-72f5ba11ed40,WorldEntities/Natural/drillable/DrillableLithium.prefab,DrillableLithium,MushroomForest_CaveFloor,1,0.25
846c3df6-ffbf-4206-b591-72f5ba11ed40,WorldEntities/Natural/drillable/DrillableLithium.prefab,DrillableLithium,SparseReef_Sand,1,0.04
846c3df6-ffbf-4206-b591-72f5ba11ed40,WorldEntities/Natural/drillable/DrillableLithium.prefab,DrillableLithium,SparseReef_DeepFloor,1,0.1
846c3df6-ffbf-4206-b591-72f5ba11ed40,WorldEntities/Natural/drillable/DrillableLithium.prefab,DrillableLithium,SeaTreaderPath_CaveWall,1,0.25
846c3df6-ffbf-4206-b591-72f5ba11ed40,WorldEntities/Natural/drillable/DrillableLithium.prefab,DrillableLithium,KooshZone_Sand,1,0.05
846c3df6-ffbf-4206-b591-72f5ba11ed40,WorldEntities/Natural/drillable/DrillableLithium.prefab,DrillableLithium,JellyshroomCaves_CaveFloor,1,0.075
846c3df6-ffbf-4206-b591-72f5ba11ed40,WorldEntities/Natural/drillable/DrillableLithium.prefab,DrillableLithium,TreeCove_LakeFloor,1,0.2
846c3df6-ffbf-4206-b591-72f5ba11ed40,WorldEntities/Natural/drillable/DrillableLithium.prefab,DrillableLithium,BonesField_LakePit_Floor,1,0.3
846c3df6-ffbf-4206-b591-72f5ba11ed40,WorldEntities/Natural/drillable/DrillableLithium.prefab,DrillableLithium,BonesField_Cave_Ground,1,0.25
846c3df6-ffbf-4206-b591-72f5ba11ed40,WorldEntities/Natural/drillable/DrillableLithium.prefab,DrillableLithium,InactiveLavaZone_Corridor_Floor,1,0.1
b3db72b6-f0cf-4234-be74-d98bd4c49797,WorldEntities/Natural/drillable/DrillableQuartz.prefab,DrillableQuartz,Dunes_SandDune,1,0.075
b3db72b6-f0cf-4234-be74-d98bd4c49797,WorldEntities/Natural/drillable/DrillableQuartz.prefab,DrillableQuartz,Dunes_SandPlateau,1,0.075
b3db72b6-f0cf-4234-be74-d98bd4c49797,WorldEntities/Natural/drillable/DrillableQuartz.prefab,DrillableQuartz,GrandReef_Ground,1,0.04
b3db72b6-f0cf-4234-be74-d98bd4c49797,WorldEntities/Natural/drillable/DrillableQuartz.prefab,DrillableQuartz,GrandReef_CaveCeiling,1,0.15
b3db72b6-f0cf-4234-be74-d98bd4c49797,WorldEntities/Natural/drillable/DrillableQuartz.prefab,DrillableQuartz,SparseReef_Sand,1,0.05
b3db72b6-f0cf-4234-be74-d98bd4c49797,WorldEntities/Natural/drillable/DrillableQuartz.prefab,DrillableQuartz,SparseReef_DeepFloor,1,0.1
b3db72b6-f0cf-4234-be74-d98bd4c49797,WorldEntities/Natural/drillable/DrillableQuartz.prefab,DrillableQuartz,CragField_Ground,1,0.07
b3db72b6-f0cf-4234-be74-d98bd4c49797,WorldEntities/Natural/drillable/DrillableQuartz.prefab,DrillableQuartz,LostRiverJunction_Ground,1,0.2
b3db72b6-f0cf-4234-be74-d98bd4c49797,WorldEntities/Natural/drillable/DrillableQuartz.prefab,DrillableQuartz,LostRiverCorridor_Ground,1,0.2
b3db72b6-f0cf-4234-be74-d98bd4c49797,WorldEntities/Natural/drillable/DrillableQuartz.prefab,DrillableQuartz,InactiveLavaZone_Chamber_Floor_Far,1,0.06
b3db72b6-f0cf-4234-be74-d98bd4c49797,WorldEntities/Natural/drillable/DrillableQuartz.prefab,DrillableQuartz,Dunes_CaveFloor,1,0.08
b3db72b6-f0cf-4234-be74-d98bd4c49797,WorldEntities/Natural/drillable/DrillableQuartz.prefab,DrillableQuartz,Dunes_CaveWall,1,0.08
793b4079-ef3b-43da-9fc7-3ec5cbc3ae19,WorldEntities/Natural/drillable/DrillableSalt.prefab,DrillableSalt,GrassyPlateaus_Sand,1,0.025
793b4079-ef3b-43da-9fc7-3ec5cbc3ae19,WorldEntities/Natural/drillable/DrillableSalt.prefab,DrillableSalt,SeaTreaderPath_CaveFloor,1,0.1
793b4079-ef3b-43da-9fc7-3ec5cbc3ae19,WorldEntities/Natural/drillable/DrillableSalt.prefab,DrillableSalt,MushroomForest_Sand,1,0.05
793b4079-ef3b-43da-9fc7-3ec5cbc3ae19,WorldEntities/Natural/drillable/DrillableSalt.prefab,DrillableSalt,Mountains_CaveFloor,1,0.075
793b4079-ef3b-43da-9fc7-3ec5cbc3ae19,WorldEntities/Natural/drillable/DrillableSalt.prefab,DrillableSalt,Dunes_SandPlateau,1,0.075
793b4079-ef3b-43da-9fc7-3ec5cbc3ae19,WorldEntities/Natural/drillable/DrillableSalt.prefab,DrillableSalt,Dunes_SandDune,1,0.075
793b4079-ef3b-43da-9fc7-3ec5cbc3ae19,WorldEntities/Natural/drillable/DrillableSalt.prefab,DrillableSalt,Mesas_Top,1,0.5
793b4079-ef3b-43da-9fc7-3ec5cbc3ae19,WorldEntities/Natural/drillable/DrillableSalt.prefab,DrillableSalt,Dunes_CaveFloor,1,0.08
cb2e9dc9-cfdc-48e1-ac8e-997d354d759b,WorldEntities/Natural/SupplyCrate_Ration.prefab,None,ShipInterior_Cargo,1,0.6
cb2e9dc9-cfdc-48e1-ac8e-997d354d759b,WorldEntities/Natural/SupplyCrate_Ration.prefab,None,ShipInterior_LivingArea,1,0.6
cb2e9dc9-cfdc-48e1-ac8e-997d354d759b,WorldEntities/Natural/SupplyCrate_Ration.prefab,None,Mountains_TechSite_Barrier,1,0.1
cb2e9dc9-cfdc-48e1-ac8e-997d354d759b,WorldEntities/Natural/SupplyCrate_Ration.prefab,None,Dunes_TechSite_Barrier,1,0.08
cb2e9dc9-cfdc-48e1-ac8e-997d354d759b,WorldEntities/Natural/SupplyCrate_Ration.prefab,None,GrandReef_TechSite_Barrier,1,0.08
cb2e9dc9-cfdc-48e1-ac8e-997d354d759b,WorldEntities/Natural/SupplyCrate_Ration.prefab,None,BloodKelp_TechSite_Barrier,1,0.08
cb2e9dc9-cfdc-48e1-ac8e-997d354d759b,WorldEntities/Natural/SupplyCrate_Ration.prefab,None,KooshZone_TechSite_Barrier,1,0.1
cb2e9dc9-cfdc-48e1-ac8e-997d354d759b,WorldEntities/Natural/SupplyCrate_Ration.prefab,None,SparseReef_Techsite_Barrier,1,0.08
cb2e9dc9-cfdc-48e1-ac8e-997d354d759b,WorldEntities/Natural/SupplyCrate_Ration.prefab,None,UnderwaterIslands_TechSite_Scatter,1,0.04
cb2e9dc9-cfdc-48e1-ac8e-997d354d759b,WorldEntities/Natural/SupplyCrate_Ration.prefab,None,UnderwaterIslands_TechSite_Barrier,1,0.03
026d91e2-430b-4c6d-8bd4-b51e270d5eed,WorldEntities/Natural/drillable/DrillableSilver.prefab,DrillableSilver,Dunes_SandPlateau,1,0.05
026d91e2-430b-4c6d-8bd4-b51e270d5eed,WorldEntities/Natural/drillable/DrillableSilver.prefab,DrillableSilver,Dunes_SandDune,1,0.04
026d91e2-430b-4c6d-8bd4-b51e270d5eed,WorldEntities/Natural/drillable/DrillableSilver.prefab,DrillableSilver,Dunes_CaveFloor,1,0.25
026d91e2-430b-4c6d-8bd4-b51e270d5eed,WorldEntities/Natural/drillable/DrillableSilver.prefab,DrillableSilver,JellyshroomCaves_CaveSand,1,0.1
026d91e2-430b-4c6d-8bd4-b51e270d5eed,WorldEntities/Natural/drillable/DrillableSilver.prefab,DrillableSilver,LostRiverJunction_LakeFloor,1,0.15
026d91e2-430b-4c6d-8bd4-b51e270d5eed,WorldEntities/Natural/drillable/DrillableSilver.prefab,DrillableSilver,LostRiverCorridor_LakeFloor,1,0.2
026d91e2-430b-4c6d-8bd4-b51e270d5eed,WorldEntities/Natural/drillable/DrillableSilver.prefab,DrillableSilver,BonesField_Ground,1,0.05
026d91e2-430b-4c6d-8bd4-b51e270d5eed,WorldEntities/Natural/drillable/DrillableSilver.prefab,DrillableSilver,GhostTree_Lake_Floor,1,0.25
026d91e2-430b-4c6d-8bd4-b51e270d5eed,WorldEntities/Natural/drillable/DrillableSilver.prefab,DrillableSilver,Mountains_Rock,1,0.05
026d91e2-430b-4c6d-8bd4-b51e270d5eed,WorldEntities/Natural/drillable/DrillableSilver.prefab,DrillableSilver,UnderwaterIslands_ValleyFloor,1,0.1
026d91e2-430b-4c6d-8bd4-b51e270d5eed,WorldEntities/Natural/drillable/DrillableSilver.prefab,DrillableSilver,CragField_Ground,1,0.07
026d91e2-430b-4c6d-8bd4-b51e270d5eed,WorldEntities/Natural/drillable/DrillableSilver.prefab,DrillableSilver,InactiveLavaZone_Chamber_Floor_Far,1,0.05
026d91e2-430b-4c6d-8bd4-b51e270d5eed,WorldEntities/Natural/drillable/DrillableSilver.prefab,DrillableSilver,Dunes_CaveWall,1,0.08
9f855246-76c4-438b-8e4d-9cd6d7ce4224,WorldEntities/Natural/drillable/DrillableTitanium.prefab,DrillableTitanium,CrashZone_Sand,1,0.05
9f855246-76c4-438b-8e4d-9cd6d7ce4224,WorldEntities/Natural/drillable/DrillableTitanium.prefab,DrillableTitanium,KooshZone_Sand,1,0.1
9f855246-76c4-438b-8e4d-9cd6d7ce4224,WorldEntities/Natural/drillable/DrillableTitanium.prefab,DrillableTitanium,Dunes_SandDune,1,0.06
9f855246-76c4-438b-8e4d-9cd6d7ce4224,WorldEntities/Natural/drillable/DrillableTitanium.prefab,DrillableTitanium,DeepGrandReef_Ground,1,0.08
9f855246-76c4-438b-8e4d-9cd6d7ce4224,WorldEntities/Natural/drillable/DrillableTitanium.prefab,DrillableTitanium,GhostTree_Ground,1,0.1
9f855246-76c4-438b-8e4d-9cd6d7ce4224,WorldEntities/Natural/drillable/DrillableTitanium.prefab,DrillableTitanium,GhostTree_Ground_Lower,1,0.1
9f855246-76c4-438b-8e4d-9cd6d7ce4224,WorldEntities/Natural/drillable/DrillableTitanium.prefab,DrillableTitanium,TreeCove_Ground,1,0.1
9f855246-76c4-438b-8e4d-9cd6d7ce4224,WorldEntities/Natural/drillable/DrillableTitanium.prefab,DrillableTitanium,BonesField_Corridor_Ground,1,0.125
9f855246-76c4-438b-8e4d-9cd6d7ce4224,WorldEntities/Natural/drillable/DrillableTitanium.prefab,DrillableTitanium,BonesField_Ground,1,0.08
9f855246-76c4-438b-8e4d-9cd6d7ce4224,WorldEntities/Natural/drillable/DrillableTitanium.prefab,DrillableTitanium,BonesField_Lake_Floor,1,0.07
9f855246-76c4-438b-8e4d-9cd6d7ce4224,WorldEntities/Natural/drillable/DrillableTitanium.prefab,DrillableTitanium,LostRiverJunction_Ground,1,0.15
9f855246-76c4-438b-8e4d-9cd6d7ce4224,WorldEntities/Natural/drillable/DrillableTitanium.prefab,DrillableTitanium,LostRiverCorridor_Ground,1,0.1
9f855246-76c4-438b-8e4d-9cd6d7ce4224,WorldEntities/Natural/drillable/DrillableTitanium.prefab,DrillableTitanium,InactiveLavaZone_Chamber_Floor_Far,1,0.1
9f855246-76c4-438b-8e4d-9cd6d7ce4224,WorldEntities/Natural/drillable/DrillableTitanium.prefab,DrillableTitanium,InactiveLavaZone_Corridor_Floor_Far,1,0.1
9f855246-76c4-438b-8e4d-9cd6d7ce4224,WorldEntities/Natural/drillable/DrillableTitanium.prefab,DrillableTitanium,Dunes_CaveFloor,1,0.08
f67c158c-3b83-473c-ad52-93fd2eeef66b,WorldEntities/Natural/drillable/DrillableMagnetite.prefab,DrillableMagnetite,JellyshroomCaves_CaveFloor,1,0.1
fb5de2b6-1fe8-44fc-a555-dc0a09dc292a,WorldEntities/Natural/drillable/DrillableUraninite.prefab,DrillableUranium,BloodKelp_CaveFloor,1,0.15
fb5de2b6-1fe8-44fc-a555-dc0a09dc292a,WorldEntities/Natural/drillable/DrillableUraninite.prefab,DrillableUranium,UnderwaterIslands_ValleyFloor,1,0.1
fb5de2b6-1fe8-44fc-a555-dc0a09dc292a,WorldEntities/Natural/drillable/DrillableUraninite.prefab,DrillableUranium,BonesField_LakePit_Floor,1,0.2
fb5de2b6-1fe8-44fc-a555-dc0a09dc292a,WorldEntities/Natural/drillable/DrillableUraninite.prefab,DrillableUranium,TreeCove_LakeFloor,1,0.2
fb5de2b6-1fe8-44fc-a555-dc0a09dc292a,WorldEntities/Natural/drillable/DrillableUraninite.prefab,DrillableUranium,InactiveLavaZone_LavaPit_Floor,1,0.1
fb5de2b6-1fe8-44fc-a555-dc0a09dc292a,WorldEntities/Natural/drillable/DrillableUraninite.prefab,DrillableUranium,InactiveLavaZone_Chamber_Floor_Far,1,0.03
932fc808-9183-4f90-bee2-1eec1b30ee73,WorldEntities/Eggs/CrashEgg.prefab,CrashEgg,SafeShallows_CaveFloor,1,0.85
f08a4013-5852-4b33-bd7d-466aae6b6969,WorldEntities/Natural/sulphurcrystal.prefab,Sulphur,SparseReef_Spike,1,0
f08a4013-5852-4b33-bd7d-466aae6b6969,WorldEntities/Natural/sulphurcrystal.prefab,Sulphur,SparseReef_Wall,1,0
f08a4013-5852-4b33-bd7d-466aae6b6969,WorldEntities/Natural/sulphurcrystal.prefab,Sulphur,Mountains_Sand,1,0
f08a4013-5852-4b33-bd7d-466aae6b6969,WorldEntities/Natural/sulphurcrystal.prefab,Sulphur,Mountains_IslandCaveFloor,1,0
f08a4013-5852-4b33-bd7d-466aae6b6969,WorldEntities/Natural/sulphurcrystal.prefab,Sulphur,GrandReef_Ground,1,0
f08a4013-5852-4b33-bd7d-466aae6b6969,WorldEntities/Natural/sulphurcrystal.prefab,Sulphur,InactiveLavaZone_Corridor_Floor,1,0.2
f08a4013-5852-4b33-bd7d-466aae6b6969,WorldEntities/Natural/sulphurcrystal.prefab,Sulphur,InactiveLavaZone_Corridor_Wall,1,0.2
f08a4013-5852-4b33-bd7d-466aae6b6969,WorldEntities/Natural/sulphurcrystal.prefab,Sulphur,ActiveLavaZone_Falls_Wall,1,0.4
f08a4013-5852-4b33-bd7d-466aae6b6969,WorldEntities/Natural/sulphurcrystal.prefab,Sulphur,ActiveLavaZone_Chamber_Floor,1,0.2
f08a4013-5852-4b33-bd7d-466aae6b6969,WorldEntities/Natural/sulphurcrystal.prefab,Sulphur,ActiveLavaZone_Falls_Floor,1,0.2
f08a4013-5852-4b33-bd7d-466aae6b6969,WorldEntities/Natural/sulphurcrystal.prefab,Sulphur,InactiveLavaZone_Chamber_Lava,1,0.4
f08a4013-5852-4b33-bd7d-466aae6b6969,WorldEntities/Natural/sulphurcrystal.prefab,Sulphur,InactiveLavaZone_CastleTunnel_Floor,1,0.2
f08a4013-5852-4b33-bd7d-466aae6b6969,WorldEntities/Natural/sulphurcrystal.prefab,Sulphur,InactiveLavaZone_CastleTunnel_Wall,1,0.4
f08a4013-5852-4b33-bd7d-466aae6b6969,WorldEntities/Natural/sulphurcrystal.prefab,Sulphur,BonesField_Lake_Floor,1,0.3
f08a4013-5852-4b33-bd7d-466aae6b6969,WorldEntities/Natural/sulphurcrystal.prefab,Sulphur,BonesField_LakePit_Floor,1,0.8
f08a4013-5852-4b33-bd7d-466aae6b6969,WorldEntities/Natural/sulphurcrystal.prefab,Sulphur,GhostTree_Lake_Floor,1,0.4
ad23314d-256d-4b8a-ab4e-e49502f62723,WorldEntities/Fragments/ExosuitDrillArmfragment.prefab,ExosuitDrillArmFragment,Dunes_TechSite_Scatter,1,0.04
ad23314d-256d-4b8a-ab4e-e49502f62723,WorldEntities/Fragments/ExosuitDrillArmfragment.prefab,ExosuitDrillArmFragment,Dunes_TechSite,1,0.05
ad23314d-256d-4b8a-ab4e-e49502f62723,WorldEntities/Fragments/ExosuitDrillArmfragment.prefab,ExosuitDrillArmFragment,Dunes_TechSite_Barrier,1,0.2
ad23314d-256d-4b8a-ab4e-e49502f62723,WorldEntities/Fragments/ExosuitDrillArmfragment.prefab,ExosuitDrillArmFragment,GrandReef_TechSite,1,0.2
ad23314d-256d-4b8a-ab4e-e49502f62723,WorldEntities/Fragments/ExosuitDrillArmfragment.prefab,ExosuitDrillArmFragment,GrandReef_TechSite_Scattered,1,0.08
ad23314d-256d-4b8a-ab4e-e49502f62723,WorldEntities/Fragments/ExosuitDrillArmfragment.prefab,ExosuitDrillArmFragment,BloodKelp_TechSite,1,0.18
ad23314d-256d-4b8a-ab4e-e49502f62723,WorldEntities/Fragments/ExosuitDrillArmfragment.prefab,ExosuitDrillArmFragment,BloodKelp_TechSite_Barrier,1,0.6
ad23314d-256d-4b8a-ab4e-e49502f62723,WorldEntities/Fragments/ExosuitDrillArmfragment.prefab,ExosuitDrillArmFragment,BloodKelp_TechSite_Scatter,1,0.06
ad23314d-256d-4b8a-ab4e-e49502f62723,WorldEntities/Fragments/ExosuitDrillArmfragment.prefab,ExosuitDrillArmFragment,UnderwaterIslands_TechSite_Scatter,1,0.06
4904e113-8765-4d27-a750-33d89d50a8ae,WorldEntities/Fragments/ExosuitGrapplingArmfragment.prefab,ExosuitGrapplingArmFragment,UnderwaterIslands_TechSite,1,0.1
4904e113-8765-4d27-a750-33d89d50a8ae,WorldEntities/Fragments/ExosuitGrapplingArmfragment.prefab,ExosuitGrapplingArmFragment,BloodKelp_TechSite,1,0.12
4904e113-8765-4d27-a750-33d89d50a8ae,WorldEntities/Fragments/ExosuitGrapplingArmfragment.prefab,ExosuitGrapplingArmFragment,GrandReef_TechSite,1,0.2
4904e113-8765-4d27-a750-33d89d50a8ae,WorldEntities/Fragments/ExosuitGrapplingArmfragment.prefab,ExosuitGrapplingArmFragment,GrandReef_TechSite_Barrier,1,0.3
4904e113-8765-4d27-a750-33d89d50a8ae,WorldEntities/Fragments/ExosuitGrapplingArmfragment.prefab,ExosuitGrapplingArmFragment,Mountains_TechSite_Scatter,1,0.06
4904e113-8765-4d27-a750-33d89d50a8ae,WorldEntities/Fragments/ExosuitGrapplingArmfragment.prefab,ExosuitGrapplingArmFragment,Dunes_TechSite,1,0.05
4904e113-8765-4d27-a750-33d89d50a8ae,WorldEntities/Fragments/ExosuitGrapplingArmfragment.prefab,ExosuitGrapplingArmFragment,Dunes_TechSite_Barrier,1,0.3
9abc15fc-433c-4fbd-b3e6-d1b2cc73abb2,WorldEntities/Fragments/ExosuitPropulsionArmfragment.prefab,ExosuitPropulsionArmFragment,SeaTreaderPath_TechSite_Scatter,1,0.05
9abc15fc-433c-4fbd-b3e6-d1b2cc73abb2,WorldEntities/Fragments/ExosuitPropulsionArmfragment.prefab,ExosuitPropulsionArmFragment,SeaTreaderPath_TechSite,1,0.2
9abc15fc-433c-4fbd-b3e6-d1b2cc73abb2,WorldEntities/Fragments/ExosuitPropulsionArmfragment.prefab,ExosuitPropulsionArmFragment,SeaTreaderPath_TechSite_Barrier,1,0.6
9abc15fc-433c-4fbd-b3e6-d1b2cc73abb2,WorldEntities/Fragments/ExosuitPropulsionArmfragment.prefab,ExosuitPropulsionArmFragment,UnderwaterIslands_TechSite,1,0.08
9abc15fc-433c-4fbd-b3e6-d1b2cc73abb2,WorldEntities/Fragments/ExosuitPropulsionArmfragment.prefab,ExosuitPropulsionArmFragment,UnderwaterIslands_TechSite_Barrier,1,0.3
9abc15fc-433c-4fbd-b3e6-d1b2cc73abb2,WorldEntities/Fragments/ExosuitPropulsionArmfragment.prefab,ExosuitPropulsionArmFragment,Mountains_TechSite,1,0.12
9abc15fc-433c-4fbd-b3e6-d1b2cc73abb2,WorldEntities/Fragments/ExosuitPropulsionArmfragment.prefab,ExosuitPropulsionArmFragment,Mountains_TechSite_Barrier,1,0.15
1c953310-8436-4012-8e0d-3b4634f07e57,WorldEntities/Fragments/ExosuitTorpedoArmfragment.prefab,ExosuitTorpedoArmFragment,Mountains_TechSite,1,0.12
1c953310-8436-4012-8e0d-3b4634f07e57,WorldEntities/Fragments/ExosuitTorpedoArmfragment.prefab,ExosuitTorpedoArmFragment,Mountains_TechSite_Barrier,1,0.2
1c953310-8436-4012-8e0d-3b4634f07e57,WorldEntities/Fragments/ExosuitTorpedoArmfragment.prefab,ExosuitTorpedoArmFragment,BloodKelp_TechSite_Scatter,1,0.1
1c953310-8436-4012-8e0d-3b4634f07e57,WorldEntities/Fragments/ExosuitTorpedoArmfragment.prefab,ExosuitTorpedoArmFragment,BloodKelp_TechSite,1,0.12
1c953310-8436-4012-8e0d-3b4634f07e57,WorldEntities/Fragments/ExosuitTorpedoArmfragment.prefab,ExosuitTorpedoArmFragment,BloodKelp_TechSite_Barrier,1,0.5
1c953310-8436-4012-8e0d-3b4634f07e57,WorldEntities/Fragments/ExosuitTorpedoArmfragment.prefab,ExosuitTorpedoArmFragment,SparseReef_Techsite_Scatter,1,0.05
423a8e49-eabe-473b-9b45-4aa52de1596f,WorldEntities/Creatures/LavaLarva.prefab,LavaLarva,InactiveLavaZone_Corridor_Open_CreatureOnly,1,0.25
423a8e49-eabe-473b-9b45-4aa52de1596f,WorldEntities/Creatures/LavaLarva.prefab,LavaLarva,InactiveLavaZone_Chamber_Open_CreatureOnly,1,0.25
423a8e49-eabe-473b-9b45-4aa52de1596f,WorldEntities/Creatures/LavaLarva.prefab,LavaLarva,InactiveLavaZone_Corridor_Lava_CreatureOnly,1,0.4
423a8e49-eabe-473b-9b45-4aa52de1596f,WorldEntities/Creatures/LavaLarva.prefab,LavaLarva,InactiveLavaZone_Chamber_Lava,1,0.4
423a8e49-eabe-473b-9b45-4aa52de1596f,WorldEntities/Creatures/LavaLarva.prefab,LavaLarva,ActiveLavaZone_Chamber_Open_CreatureOnly,1,0.2
2fbb2894-a01a-46b4-8748-e871bf23f646,WorldEntities/Creatures/LavaLizard.prefab,LavaLizard,InactiveLavaZone_Chamber_Open_UniqueCreatureOnly,1,0.04
2fbb2894-a01a-46b4-8748-e871bf23f646,WorldEntities/Creatures/LavaLizard.prefab,LavaLizard,ActiveLavaZone_Chamber_Open_CreatureOnly,1,0.1
2fbb2894-a01a-46b4-8748-e871bf23f646,WorldEntities/Creatures/LavaLizard.prefab,LavaLizard,ActiveLavaZone_Falls_Open_CreatureOnly,1,0.1
2fbb2894-a01a-46b4-8748-e871bf23f646,WorldEntities/Creatures/LavaLizard.prefab,LavaLizard,InactiveLavaZone_Chamber_Dragon_Open_CreatureOnly,1,0.025
2fbb2894-a01a-46b4-8748-e871bf23f646,WorldEntities/Creatures/LavaLizard.prefab,LavaLizard,InactiveLavaZone_Chamber_Lava,1,0.3
2fbb2894-a01a-46b4-8748-e871bf23f646,WorldEntities/Creatures/LavaLizard.prefab,LavaLizard,InactiveLavaZone_Corridor_Lava_CreatureOnly,1,0.05
2fbb2894-a01a-46b4-8748-e871bf23f646,WorldEntities/Creatures/LavaLizard.prefab,LavaLizard,InactiveLavaZone_CastleTunnel_Open_CreatureOnly,1,0.25
e557149e-b045-4271-9118-da72f87a9cfe,WorldEntities/Fragments/ReinforcedDiveSuitFragment_old.prefab,None,Mountains_Sand,1,0
e557149e-b045-4271-9118-da72f87a9cfe,WorldEntities/Fragments/ReinforcedDiveSuitFragment_old.prefab,None,Mountains_TechSite_Barrier,1,0
e557149e-b045-4271-9118-da72f87a9cfe,WorldEntities/Fragments/ReinforcedDiveSuitFragment_old.prefab,None,BloodKelp_TechSite,1,0
e557149e-b045-4271-9118-da72f87a9cfe,WorldEntities/Fragments/ReinforcedDiveSuitFragment_old.prefab,None,GrandReef_TechSite,1,0
e557149e-b045-4271-9118-da72f87a9cfe,WorldEntities/Fragments/ReinforcedDiveSuitFragment_old.prefab,None,DeepGrandReef_AbandonedBase_Exterior,1,0
c395b5a9-9e44-4c2b-b030-1e987009f5b7,WorldEntities/Environment/Wrecks/Bio_reactor_damaged_01.prefab,BaseBioReactorFragment,FragmentBaseBioReactor,1,1
db2df7f8-db1a-4210-8ca0-73531b93b889,WorldEntities/Environment/Wrecks/Bio_reactor_damaged_02.prefab,BaseBioReactorFragment,FragmentBaseBioReactor,1,1
ffef3320-9d36-4a0f-8b2b-6ab1247426cb,WorldEntities/Environment/Wrecks/Bio_reactor_damaged_03.prefab,BaseBioReactorFragment,FragmentBaseBioReactor,1,1
088bda17-d77b-4c64-9f2a-42c8bcf9f7a5,WorldEntities/Environment/Wrecks/Bio_reactor_damaged_04.prefab,BaseBioReactorFragment,FragmentBaseBioReactor,1,1
403b8d2f-b009-483d-8358-bfcde62daa42,WorldEntities/Environment/Wrecks/Nuclear_reactor_damaged_01.prefab,BaseNuclearReactorFragment,FragmentBaseNuclearReactor,1,1
6c58dc6b-2ae2-41ca-8c43-f953b919f7ab,WorldEntities/Environment/Wrecks/Nuclear_reactor_damaged_02.prefab,BaseNuclearReactorFragment,FragmentBaseNuclearReactor,1,1
e35fb5aa-19ba-4736-8f8c-6db679b5766c,WorldEntities/Environment/Wrecks/Nuclear_reactor_damaged_03.prefab,BaseNuclearReactorFragment,FragmentBaseNuclearReactor,1,1
872b7c65-7597-4ca2-9c96-03b2405b8784,WorldEntities/Environment/Wrecks/Nuclear_reactor_damaged_04.prefab,BaseNuclearReactorFragment,FragmentBaseNuclearReactor,1,1
88c4c1fa-0b52-44cb-9db5-2ef18447ae5c,WorldEntities/Environment/Wrecks/Thermal_reactor_damaged_01.prefab,ThermalPlantFragment,FragmentThermalPlant,1,1
06cc39eb-af4c-4573-866a-d92e5d4c2bf1,WorldEntities/Environment/Wrecks/Thermal_reactor_damaged_02.prefab,ThermalPlantFragment,FragmentThermalPlant,1,1
47c32ae8-b168-4ddf-bbae-7467038e3457,WorldEntities/Environment/Wrecks/Thermal_reactor_damaged_03.prefab,ThermalPlantFragment,FragmentThermalPlant,1,1
8ed7c383-1f55-462c-a7fe-f7be6bcce8a5,WorldEntities/Environment/Wrecks/basebulkheadfragment1.prefab,BaseBulkheadFragment,FragmentBaseBulkhead,1,1
deb8581f-842f-4854-b984-bff1c44ff220,WorldEntities/Environment/Wrecks/baseroomfragment1.prefab,BaseRoomFragment,FragmentBaseRoom,1,1
c3d844cf-19cc-4430-949d-32d6416f59e3,WorldEntities/Fragments/BaseUpgradeConsole_Fragment.prefab,BaseUpgradeConsoleFragment,CrashZone_Sand,1,0
c3d844cf-19cc-4430-949d-32d6416f59e3,WorldEntities/Fragments/BaseUpgradeConsole_Fragment.prefab,BaseUpgradeConsoleFragment,KooshZone_TechSite,1,0
c3d844cf-19cc-4430-949d-32d6416f59e3,WorldEntities/Fragments/BaseUpgradeConsole_Fragment.prefab,BaseUpgradeConsoleFragment,MushroomForest_TechSite_Barrier,1,0
c3d844cf-19cc-4430-949d-32d6416f59e3,WorldEntities/Fragments/BaseUpgradeConsole_Fragment.prefab,BaseUpgradeConsoleFragment,Dunes_SandDune,1,0
c3d844cf-19cc-4430-949d-32d6416f59e3,WorldEntities/Fragments/BaseUpgradeConsole_Fragment.prefab,BaseUpgradeConsoleFragment,DeepGrandReef_AbandonedBase_Exterior,1,0
10a176a9-8762-492f-b1b6-0b32e737b1bc,WorldEntities/Environment/Wrecks/constructorfragment1.prefab,ConstructorFragment,FragmentConstructor,1,1
e411825d-cc5e-4717-a1c1-a533c9d40939,WorldEntities/Environment/Wrecks/constructorfragment2.prefab,ConstructorFragment,FragmentConstructor,1,1
f60b5fb5-9430-4a1d-9978-390cd4685132,WorldEntities/Environment/Wrecks/constructorfragment3.prefab,ConstructorFragment,FragmentConstructor,1,1
871b7a1f-1b43-487f-87af-877fb6260613,WorldEntities/Environment/Wrecks/constructorfragment4.prefab,ConstructorFragment,FragmentConstructor,1,1
2d1951c4-49ec-4298-bc1c-b3af75092832,WorldEntities/Environment/Wrecks/exosuitfragment1.prefab,ExosuitFragment,FragmentExosuit,1,1
80bf1cc6-d627-47a1-b4b4-33f47e59231c,WorldEntities/Environment/Wrecks/exosuitfragment2.prefab,ExosuitFragment,FragmentExosuit,1,1
44d49e2d-37ab-47b1-9f1d-bb63d16ccfbb,WorldEntities/Environment/Wrecks/exosuitfragment3.prefab,ExosuitFragment,FragmentExosuit,1,1
2a70438f-ecbb-4c2c-9512-848c46b43316,WorldEntities/Environment/Wrecks/exosuitfragment4.prefab,ExosuitFragment,FragmentExosuit,1,1
16d326b7-0cbe-4df9-bc58-3cd26b5458af,WorldEntities/Environment/Wrecks/exosuitfragment5.prefab,ExosuitFragment,FragmentExosuit,1,1
292ba610-ed40-461f-826b-7b2645b37b5f,WorldEntities/Fragments/seamoth_fragment_01.prefab,SeamothFragment,FragmentSeamoth,1,1
1f5cee66-a02f-4693-a1bd-928c938c7e77,WorldEntities/Fragments/seamoth_fragment_02.prefab,SeamothFragment,FragmentSeamoth,1,1
284573d8-9a80-4867-a09a-85df573c29ef,WorldEntities/Fragments/seamoth_fragment_03.prefab,SeamothFragment,FragmentSeamoth,1,1
b9764db6-1f2a-4cfc-bda0-8a179cb7e155,WorldEntities/Fragments/seamoth_fragment_04.prefab,SeamothFragment,FragmentSeamoth,1,1
a73218d6-b307-450a-890e-ec2e2c206324,WorldEntities/Fragments/seamoth_fragment_05.prefab,SeamothFragment,FragmentSeamoth,1,1
8029a9ce-ab75-46d0-a8ab-63138f6f83e4,WorldEntities/Environment/Wrecks/submarine_Workbench_damaged_01.prefab,WorkbenchFragment,FragmentWorkbench,1,1
4cc70e47-a05f-4e27-9920-9a6d0e90083d,WorldEntities/Environment/Wrecks/submarine_Workbench_damaged_02.prefab,WorkbenchFragment,FragmentWorkbench,1,1
d420cd62-2983-44a9-886a-8c7d214a2db9,WorldEntities/Environment/Wrecks/submarine_Workbench_damaged_03.prefab,WorkbenchFragment,FragmentWorkbench,1,1
d0115374-d251-4e52-8404-af15cc6244c3,WorldEntities/Environment/Wrecks/cyclopsbridgefragment1.prefab,CyclopsBridgeFragment,FragmentCyclopsBridge,1,1
72d0460c-1b50-416b-8a9d-58e415132d3d,WorldEntities/Environment/Wrecks/cyclopsbridgefragment2.prefab,CyclopsBridgeFragment,FragmentCyclopsBridge,1,1
0e54e72a-3da8-4f5d-8440-f51033fcad8c,WorldEntities/Environment/Wrecks/cyclopsbridgefragment3.prefab,CyclopsBridgeFragment,FragmentCyclopsBridge,1,1
3c076458-505e-4683-90c1-34c1f7939a0f,WorldEntities/Environment/Wrecks/cyclopsenginefragment1.prefab,CyclopsEngineFragment,FragmentCyclopsEngine,1,1
ceaa255c-e1e7-4cbc-938f-fcf735bca757,WorldEntities/Environment/Wrecks/cyclopsenginefragment2.prefab,CyclopsEngineFragment,FragmentCyclopsEngine,1,1
52568520-541c-4a5a-a4fa-b5dbac219915,WorldEntities/Environment/Wrecks/cyclopsenginefragment3.prefab,CyclopsEngineFragment,FragmentCyclopsEngine,1,1
bc62e06d-0ccc-47b4-90c5-62f6422d4af7,WorldEntities/Environment/Wrecks/cyclopshullfragment5.prefab,CyclopsHullFragment,FragmentCyclopsHullLarge,1,1
bc7d4038-d681-41dd-b7ae-e134048f421b,WorldEntities/Environment/Wrecks/cyclopshullfragment7.prefab,CyclopsHullFragment,FragmentCyclopsHullLarge,1,1
f4b3942e-02d8-4526-b384-677a2ad9ce58,WorldEntities/Environment/Wrecks/cyclopshullfragment8.prefab,CyclopsHullFragment,FragmentCyclopsHullLarge,1,1
b19be61c-b011-400f-9cfe-4ad9c70adf6d,WorldEntities/Environment/Wrecks/cyclopshullfragment9.prefab,CyclopsHullFragment,FragmentCyclopsHullLarge,1,1
656f6191-214e-4b26-8833-fa47b297219e,WorldEntities/Environment/Wrecks/cyclopshullfragment1.prefab,CyclopsHullFragment,FragmentCyclopsHullMedium,1,1
5643d0f8-c305-4bdc-b80d-012d8cbfb6e5,WorldEntities/Environment/Wrecks/cyclopshullfragment2.prefab,CyclopsHullFragment,FragmentCyclopsHullMedium,1,1
0ba2de19-0f6e-4469-bf77-8c0f9db95875,WorldEntities/Environment/Wrecks/cyclopshullfragment3.prefab,CyclopsHullFragment,FragmentCyclopsHullMedium,1,1
7f673d9f-0d08-4c3b-a229-d3124c0ac197,WorldEntities/Environment/Wrecks/cyclopshullfragment4.prefab,CyclopsHullFragment,FragmentCyclopsHullMedium,1,1
d5f3a601-729e-407a-b229-fd3daa601dd3,WorldEntities/Environment/Wrecks/cyclopshullfragment6.prefab,CyclopsHullFragment,FragmentCyclopsHullMedium,1,1
33d63e93-e5fd-4911-b7ce-63bf43cc6c95,WorldEntities/Environment/Wrecks/battery_charging_station_damaged_base.prefab,BatteryChargerFragment,FragmentBatteryCharger,1,1
18521f9a-4b46-4994-9475-984d64993d9c,WorldEntities/Environment/Wrecks/battery_charging_station_damaged_cover.prefab,BatteryChargerFragment,FragmentBatteryCharger,1,1
f41a1855-1dc1-495a-adf2-c4495fd39936,WorldEntities/Environment/Wrecks/Power_Cell_Charging_Station_damaged_base.prefab,PowerCellChargerFragment,FragmentPowerCellCharger,1,1
9569f745-4853-47cf-aaf5-b849c91651f4,WorldEntities/Environment/Wrecks/Power_Cell_Charging_Station_damaged_cover.prefab,PowerCellChargerFragment,FragmentPowerCellCharger,1,1
510a71f0-ab6d-4c6a-aa54-a19b3f1c436c,WorldEntities/Creatures/WarperSpawner.prefab,WarperSpawner,Mountains_Rock,1,0.025
510a71f0-ab6d-4c6a-aa54-a19b3f1c436c,WorldEntities/Creatures/WarperSpawner.prefab,WarperSpawner,Dunes_SandDune,1,0.025
510a71f0-ab6d-4c6a-aa54-a19b3f1c436c,WorldEntities/Creatures/WarperSpawner.prefab,WarperSpawner,SeaTreaderPath_Sand,1,0.05
510a71f0-ab6d-4c6a-aa54-a19b3f1c436c,WorldEntities/Creatures/WarperSpawner.prefab,WarperSpawner,DeepGrandReef_Wall,1,0.05
510a71f0-ab6d-4c6a-aa54-a19b3f1c436c,WorldEntities/Creatures/WarperSpawner.prefab,WarperSpawner,GrandReef_Ground,1,0.025
510a71f0-ab6d-4c6a-aa54-a19b3f1c436c,WorldEntities/Creatures/WarperSpawner.prefab,WarperSpawner,TreeCove_Open_CreatureOnly,1,0.05
510a71f0-ab6d-4c6a-aa54-a19b3f1c436c,WorldEntities/Creatures/WarperSpawner.prefab,WarperSpawner,BloodKelp_TrenchWall,1,0.05
510a71f0-ab6d-4c6a-aa54-a19b3f1c436c,WorldEntities/Creatures/WarperSpawner.prefab,WarperSpawner,BloodKelp_Wall,1,0.025
510a71f0-ab6d-4c6a-aa54-a19b3f1c436c,WorldEntities/Creatures/WarperSpawner.prefab,WarperSpawner,InactiveLavaZone_Chamber_Open_CreatureOnly,1,0.025
510a71f0-ab6d-4c6a-aa54-a19b3f1c436c,WorldEntities/Creatures/WarperSpawner.prefab,WarperSpawner,ActiveLavaZone_Falls_Open_CreatureOnly,1,0.025
510a71f0-ab6d-4c6a-aa54-a19b3f1c436c,WorldEntities/Creatures/WarperSpawner.prefab,WarperSpawner,InactiveLavaZone_Corridor_Open_CreatureOnly,1,0.025
510a71f0-ab6d-4c6a-aa54-a19b3f1c436c,WorldEntities/Creatures/WarperSpawner.prefab,WarperSpawner,ActiveLavaZone_Chamber_Open_CreatureOnly,1,0.025
4f441e53-7a9a-44dc-83a4-b1791dc88ffd,WorldEntities/Natural/drillable/DrillableKyanite.prefab,None,ActiveLavaZone_Falls_Floor_Far,1,0.035
4f441e53-7a9a-44dc-83a4-b1791dc88ffd,WorldEntities/Natural/drillable/DrillableKyanite.prefab,None,InactiveLavaZone_Chamber_Floor_Far,1,0.03
4f441e53-7a9a-44dc-83a4-b1791dc88ffd,WorldEntities/Natural/drillable/DrillableKyanite.prefab,None,InactiveLavaZone_CastleTunnel_Floor,1,0.02
4f441e53-7a9a-44dc-83a4-b1791dc88ffd,WorldEntities/Natural/drillable/DrillableKyanite.prefab,None,ActiveLavaZone_Chamber_Floor_Far,1,0.035
575109e0-0adc-4b73-a8cf-cfb49d1571c3,WorldEntities/Creatures/GhostRayRed.prefab,GhostRayRed,InactiveLavaZone_Chamber_Open_UniqueCreatureOnly,1,0.02
575109e0-0adc-4b73-a8cf-cfb49d1571c3,WorldEntities/Creatures/GhostRayRed.prefab,GhostRayRed,ActiveLavaZone_Chamber_Open_CreatureOnly,1,0.05
575109e0-0adc-4b73-a8cf-cfb49d1571c3,WorldEntities/Creatures/GhostRayRed.prefab,GhostRayRed,ActiveLavaZone_Falls_Open_CreatureOnly,1,0.05
575109e0-0adc-4b73-a8cf-cfb49d1571c3,WorldEntities/Creatures/GhostRayRed.prefab,GhostRayRed,InactiveLavaZone_Chamber_Dragon_Open_CreatureOnly,1,0.01
1826f338-40d2-4b85-8d15-08ea3fa669ad,WorldEntities/Creatures/GhostRayBlue.prefab,GhostRayBlue,TreeCove_Ground,1,0.1
1826f338-40d2-4b85-8d15-08ea3fa669ad,WorldEntities/Creatures/GhostRayBlue.prefab,GhostRayBlue,TreeCove_Wall,1,0.1
1826f338-40d2-4b85-8d15-08ea3fa669ad,WorldEntities/Creatures/GhostRayBlue.prefab,GhostRayBlue,TreeCove_Ceiling,1,0.1
1826f338-40d2-4b85-8d15-08ea3fa669ad,WorldEntities/Creatures/GhostRayBlue.prefab,GhostRayBlue,TreeCove_TreeOpen_CreatureOnly,1,0.5
1826f338-40d2-4b85-8d15-08ea3fa669ad,WorldEntities/Creatures/GhostRayBlue.prefab,GhostRayBlue,GhostTree_Open_CreatureOnly,1,0.04
1826f338-40d2-4b85-8d15-08ea3fa669ad,WorldEntities/Creatures/GhostRayBlue.prefab,GhostRayBlue,LostRiverJunction_Open_CreatureOnly,1,0.02
1826f338-40d2-4b85-8d15-08ea3fa669ad,WorldEntities/Creatures/GhostRayBlue.prefab,GhostRayBlue,SkeletonCave_Open_CreatureOnly,1,0.04
1826f338-40d2-4b85-8d15-08ea3fa669ad,WorldEntities/Creatures/GhostRayBlue.prefab,GhostRayBlue,SkeletonCave_Skeleton,1,0.1
1826f338-40d2-4b85-8d15-08ea3fa669ad,WorldEntities/Creatures/GhostRayBlue.prefab,GhostRayBlue,Canyon_Open_CreatureOnly,1,0.1
1826f338-40d2-4b85-8d15-08ea3fa669ad,WorldEntities/Creatures/GhostRayBlue.prefab,GhostRayBlue,LostRiverCorridor_Open_CreatureOnly,1,0.01
0e67804e-4a59-449d-929a-cd3fc2bef82c,WorldEntities/Environment/Bloom.prefab,Bloom,TreeCove_Ceiling,1,0
0e67804e-4a59-449d-929a-cd3fc2bef82c,WorldEntities/Environment/Bloom.prefab,Bloom,TreeCove_Ground,1,0
0e67804e-4a59-449d-929a-cd3fc2bef82c,WorldEntities/Environment/Bloom.prefab,Bloom,TreeCove_Wall,1,0
853a9c5b-aba3-4d6b-a547-34553aa73fa9,WorldEntities/Natural/drillable/DrillableKyanite_Large.prefab,None,ActiveLavaZone_Chamber_Floor_Far,1,0.015
853a9c5b-aba3-4d6b-a547-34553aa73fa9,WorldEntities/Natural/drillable/DrillableKyanite_Large.prefab,None,ActiveLavaZone_Falls_Floor_Far,1,0.015
853a9c5b-aba3-4d6b-a547-34553aa73fa9,WorldEntities/Natural/drillable/DrillableKyanite_Large.prefab,None,InactiveLavaZone_Chamber_Floor_Far,1,0.015
853a9c5b-aba3-4d6b-a547-34553aa73fa9,WorldEntities/Natural/drillable/DrillableKyanite_Large.prefab,None,InactiveLavaZone_CastleTunnel_Floor,1,0.015
e82d3c24-5a58-4307-a775-4741050c8a78,WorldEntities/Creatures/SpineEel.prefab,SpineEel,GhostTree_Open_Big_CreatureOnly,1,0.05
e82d3c24-5a58-4307-a775-4741050c8a78,WorldEntities/Creatures/SpineEel.prefab,SpineEel,GhostTree_Skeleton_Open_CreatureOnly,1,0.4
e82d3c24-5a58-4307-a775-4741050c8a78,WorldEntities/Creatures/SpineEel.prefab,SpineEel,BonesField_Skeleton_Open_CreatureOnly,1,0.175
e82d3c24-5a58-4307-a775-4741050c8a78,WorldEntities/Creatures/SpineEel.prefab,SpineEel,LostRiverJunction_Open_CreatureOnly,1,0.03
e82d3c24-5a58-4307-a775-4741050c8a78,WorldEntities/Creatures/SpineEel.prefab,SpineEel,LostRiverCorridor_Open_CreatureOnly,1,0.02
7815b1b7-2830-418b-9b5d-19949b0ae9ec,WorldEntities/Natural/nickel.prefab,Nickel,GhostTree_Wall,1,0.3
7815b1b7-2830-418b-9b5d-19949b0ae9ec,WorldEntities/Natural/nickel.prefab,Nickel,TreeCove_Ground,1,0.2
7815b1b7-2830-418b-9b5d-19949b0ae9ec,WorldEntities/Natural/nickel.prefab,Nickel,TreeCove_LedgeSide,1,0.5
7815b1b7-2830-418b-9b5d-19949b0ae9ec,WorldEntities/Natural/nickel.prefab,Nickel,BonesField_Wall,1,0.15
7815b1b7-2830-418b-9b5d-19949b0ae9ec,WorldEntities/Natural/nickel.prefab,Nickel,BonesField_Cave_Wall,1,0.25
7815b1b7-2830-418b-9b5d-19949b0ae9ec,WorldEntities/Natural/nickel.prefab,Nickel,SkeletonCave_Ground,1,0.4
7815b1b7-2830-418b-9b5d-19949b0ae9ec,WorldEntities/Natural/nickel.prefab,Nickel,Canyon_Ground,1,0.2
7815b1b7-2830-418b-9b5d-19949b0ae9ec,WorldEntities/Natural/nickel.prefab,Nickel,Canyon_Wall,1,0.15
7815b1b7-2830-418b-9b5d-19949b0ae9ec,WorldEntities/Natural/nickel.prefab,Nickel,InactiveLavaZone_Chamber_Floor,1,0.1
9c8f56e6-3380-42e4-a758-e8d733b5ddec,WorldEntities/Natural/drillable/DrillableNickel.prefab,DrillableNickel,GhostTree_Ground,1,0.05
9c8f56e6-3380-42e4-a758-e8d733b5ddec,WorldEntities/Natural/drillable/DrillableNickel.prefab,DrillableNickel,BonesField_LakePit_Floor,1,0.3
9c8f56e6-3380-42e4-a758-e8d733b5ddec,WorldEntities/Natural/drillable/DrillableNickel.prefab,DrillableNickel,BonesField_Lake_Floor,1,0.075
9c8f56e6-3380-42e4-a758-e8d733b5ddec,WorldEntities/Natural/drillable/DrillableNickel.prefab,DrillableNickel,LostRiverJunction_LakeFloor,1,0.05
4b79418e-b3d7-4c14-923c-f3e47a6284e1,WorldEntities/Fragments/SeaglideJunkFragment.prefab,None,SafeShallows_Grass,1,0.02
4b79418e-b3d7-4c14-923c-f3e47a6284e1,WorldEntities/Fragments/SeaglideJunkFragment.prefab,None,SafeShallows_SandFlat,1,0.02
4b79418e-b3d7-4c14-923c-f3e47a6284e1,WorldEntities/Fragments/SeaglideJunkFragment.prefab,None,Kelp_GrassDense,1,0.05
4b79418e-b3d7-4c14-923c-f3e47a6284e1,WorldEntities/Fragments/SeaglideJunkFragment.prefab,None,Kelp_GrassSparse,1,0.04
4b79418e-b3d7-4c14-923c-f3e47a6284e1,WorldEntities/Fragments/SeaglideJunkFragment.prefab,None,Kelp_TechSite,1,0.08
4b79418e-b3d7-4c14-923c-f3e47a6284e1,WorldEntities/Fragments/SeaglideJunkFragment.prefab,None,BloodKelp_TechSite_Barrier,1,0
4b79418e-b3d7-4c14-923c-f3e47a6284e1,WorldEntities/Fragments/SeaglideJunkFragment.prefab,None,SafeShallows_TechSite_Scattered,1,0.04
4b79418e-b3d7-4c14-923c-f3e47a6284e1,WorldEntities/Fragments/SeaglideJunkFragment.prefab,None,SafeShallows_TechSite,1,0.06
4b79418e-b3d7-4c14-923c-f3e47a6284e1,WorldEntities/Fragments/SeaglideJunkFragment.prefab,None,SafeShallows_TechSite_Barrier,1,0.1
bd4d4fa1-d10e-40e5-8ec6-67efd0ba03af,WorldEntities/Doodads/Coral_reef/Coral_reef_jelly_plant_01_01.prefab,JellyPlant,BonesField_Corridor_Ground,1,0.25
bd4d4fa1-d10e-40e5-8ec6-67efd0ba03af,WorldEntities/Doodads/Coral_reef/Coral_reef_jelly_plant_01_01.prefab,JellyPlant,BonesField_Ground,1,0.2
bd4d4fa1-d10e-40e5-8ec6-67efd0ba03af,WorldEntities/Doodads/Coral_reef/Coral_reef_jelly_plant_01_01.prefab,JellyPlant,BonesField_LedgeTop,1,0.3
bd4d4fa1-d10e-40e5-8ec6-67efd0ba03af,WorldEntities/Doodads/Coral_reef/Coral_reef_jelly_plant_01_01.prefab,JellyPlant,GhostTree_Ground,1,0.2
bd4d4fa1-d10e-40e5-8ec6-67efd0ba03af,WorldEntities/Doodads/Coral_reef/Coral_reef_jelly_plant_01_01.prefab,JellyPlant,TreeCove_Ground,1,0.3
bd4d4fa1-d10e-40e5-8ec6-67efd0ba03af,WorldEntities/Doodads/Coral_reef/Coral_reef_jelly_plant_01_01.prefab,JellyPlant,Canyon_Algae,1,0.2
bd4d4fa1-d10e-40e5-8ec6-67efd0ba03af,WorldEntities/Doodads/Coral_reef/Coral_reef_jelly_plant_01_01.prefab,JellyPlant,BloodKelp_TrenchFloor,1,0.2
bd4d4fa1-d10e-40e5-8ec6-67efd0ba03af,WorldEntities/Doodads/Coral_reef/Coral_reef_jelly_plant_01_01.prefab,JellyPlant,BloodKelp_TrenchRoots,1,0.4
bd4d4fa1-d10e-40e5-8ec6-67efd0ba03af,WorldEntities/Doodads/Coral_reef/Coral_reef_jelly_plant_01_01.prefab,JellyPlant,DeepGrandReef_BlueCoral,1,0.3
bd4d4fa1-d10e-40e5-8ec6-67efd0ba03af,WorldEntities/Doodads/Coral_reef/Coral_reef_jelly_plant_01_01.prefab,JellyPlant,BloodKelp_Grass,1,0.25
bd4d4fa1-d10e-40e5-8ec6-67efd0ba03af,WorldEntities/Doodads/Coral_reef/Coral_reef_jelly_plant_01_01.prefab,JellyPlant,PrisonAquarium_Grass,1,0.25
bd4d4fa1-d10e-40e5-8ec6-67efd0ba03af,WorldEntities/Doodads/Coral_reef/Coral_reef_jelly_plant_01_01.prefab,JellyPlant,SparseReef_DeepCoral,1,1
bd4d4fa1-d10e-40e5-8ec6-67efd0ba03af,WorldEntities/Doodads/Coral_reef/Coral_reef_jelly_plant_01_01.prefab,JellyPlant,GrandReef_PurpleCoral,1,0.3
bd4d4fa1-d10e-40e5-8ec6-67efd0ba03af,WorldEntities/Doodads/Coral_reef/Coral_reef_jelly_plant_01_01.prefab,JellyPlant,Mountains_Grass,1,0.12
bd4d4fa1-d10e-40e5-8ec6-67efd0ba03af,WorldEntities/Doodads/Coral_reef/Coral_reef_jelly_plant_01_01.prefab,JellyPlant,SeaTreaderPath_CaveWall,1,0.2
bd4d4fa1-d10e-40e5-8ec6-67efd0ba03af,WorldEntities/Doodads/Coral_reef/Coral_reef_jelly_plant_01_01.prefab,JellyPlant,Dunes_ThermalVent_Grass,1,0.8
1b8e6f01-e5f0-4ab7-8ba9-b2b909ce68d6,WorldEntities/Environment/DataBoxes/CompassDataBox.prefab,None,129,1,10
472c6412-a6b3-48c7-bc0b-57e0c7469f09,WorldEntities/Eggs/CrabSquidEgg.prefab,CrabsquidEgg,BloodKelp_Grass,1,0.05
472c6412-a6b3-48c7-bc0b-57e0c7469f09,WorldEntities/Eggs/CrabSquidEgg.prefab,CrabsquidEgg,DeepGrandReef_BlueCoral,1,0.1
a1447801-44c0-4217-b050-2313c3a6db50,WorldEntities/Eggs/LavaLizardEgg.prefab,LavaLizardEgg,InactiveLavaZone_CastleTunnel_Floor,1,1
aeff4dad-8256-475b-a764-d5e7028220ce,WorldEntities/Fragments/LaserCutterFragment.prefab,LaserCutterFragment,GrassyPlateaus_TechSite,1,0.05
aeff4dad-8256-475b-a764-d5e7028220ce,WorldEntities/Fragments/LaserCutterFragment.prefab,LaserCutterFragment,GrassyPlateaus_TechSite_Barrier,1,0.15
6e4f85c2-ad1d-4d0a-b20c-1158204ee424,WorldEntities/Fragments/GravSphere_Fragment.prefab,GravSphereFragment,SafeShallows_TechSite,1,0.06
6e4f85c2-ad1d-4d0a-b20c-1158204ee424,WorldEntities/Fragments/GravSphere_Fragment.prefab,GravSphereFragment,SafeShallows_TechSite_Scattered,1,0.04
6e4f85c2-ad1d-4d0a-b20c-1158204ee424,WorldEntities/Fragments/GravSphere_Fragment.prefab,GravSphereFragment,Kelp_TechSite,1,0.05
6e4f85c2-ad1d-4d0a-b20c-1158204ee424,WorldEntities/Fragments/GravSphere_Fragment.prefab,GravSphereFragment,Kelp_TechSite_Barrier,1,0.1
a50c91eb-f7cf-4fbf-8157-0aa8d444820c,WorldEntities/Fragments/Beacon_Fragment.prefab,BeaconFragment,SafeShallows_TechSite,1,0.06
a50c91eb-f7cf-4fbf-8157-0aa8d444820c,WorldEntities/Fragments/Beacon_Fragment.prefab,BeaconFragment,SafeShallows_TechSite_Scattered,1,0.04
a50c91eb-f7cf-4fbf-8157-0aa8d444820c,WorldEntities/Fragments/Beacon_Fragment.prefab,BeaconFragment,SafeShallows_TechSite_Barrier,1,0.1
a50c91eb-f7cf-4fbf-8157-0aa8d444820c,WorldEntities/Fragments/Beacon_Fragment.prefab,BeaconFragment,Kelp_TechSite,1,0.1
a50c91eb-f7cf-4fbf-8157-0aa8d444820c,WorldEntities/Fragments/Beacon_Fragment.prefab,BeaconFragment,Kelp_TechSite_Scattered,1,0.07
817eef98-97af-4f88-b87b-f489b59c55b8,WorldEntities/Fragments/Constructor_Fragment_InCrate.prefab,None,Kelp_GrassDense,1,0.1
817eef98-97af-4f88-b87b-f489b59c55b8,WorldEntities/Fragments/Constructor_Fragment_InCrate.prefab,None,Kelp_Sand,1,0.1
f0721fd2-dac9-4730-8e73-fb602daa225e,WorldEntities/Fragments/LaserCutterFragment_InCrate.prefab,None,GrassyPlateaus_Sand,1,0.05
94d3c568-67d1-4ee7-9c56-0994adc403a9,WorldEntities/Eggs/SpadefishEgg.prefab,SpadefishEgg,SparseReef_DeepCoral,1,0.75
94d3c568-67d1-4ee7-9c56-0994adc403a9,WorldEntities/Eggs/SpadefishEgg.prefab,SpadefishEgg,GrassyPlateaus_Grass,1,0.05
94d3c568-67d1-4ee7-9c56-0994adc403a9,WorldEntities/Eggs/SpadefishEgg.prefab,SpadefishEgg,GrassyPlateaus_CaveFloor,1,1
94d3c568-67d1-4ee7-9c56-0994adc403a9,WorldEntities/Eggs/SpadefishEgg.prefab,SpadefishEgg,UnderwaterIslands_CaveFloor_Obsolete,1,1
94d3c568-67d1-4ee7-9c56-0994adc403a9,WorldEntities/Eggs/SpadefishEgg.prefab,SpadefishEgg,UnderwaterIslands_ValleyLedge,1,0.1
94d3c568-67d1-4ee7-9c56-0994adc403a9,WorldEntities/Eggs/SpadefishEgg.prefab,SpadefishEgg,GrandReef_Grass,1,0.1
3caf2f09-9cb2-4b9e-9432-6481f83fde4c,WorldEntities/Eggs/MesmerEgg.prefab,MesmerEgg,KooshZone_CaveFloor,1,0.9
3caf2f09-9cb2-4b9e-9432-6481f83fde4c,WorldEntities/Eggs/MesmerEgg.prefab,MesmerEgg,KooshZone_Grass,1,0.08
3caf2f09-9cb2-4b9e-9432-6481f83fde4c,WorldEntities/Eggs/MesmerEgg.prefab,MesmerEgg,BonesField_LedgeTop,1,0.4
c1f8aa68-0ac0-419e-81ec-b7a388027c24,WorldEntities/Fragments/ledlightfragment.prefab,LEDLightFragment,MushroomForest_TechSite,1,0.05
c1f8aa68-0ac0-419e-81ec-b7a388027c24,WorldEntities/Fragments/ledlightfragment.prefab,LEDLightFragment,MushroomForest_TechSite_Barrier,1,0.1
c1f8aa68-0ac0-419e-81ec-b7a388027c24,WorldEntities/Fragments/ledlightfragment.prefab,LEDLightFragment,SparseReef_Techsite,1,0.06
c1f8aa68-0ac0-419e-81ec-b7a388027c24,WorldEntities/Fragments/ledlightfragment.prefab,LEDLightFragment,SparseReef_Techsite_Barrier,1,0.1
c66b5dfa-7fe9-4688-b165-d2e2f4caa8d9,WorldEntities/Natural/Titanium.prefab,Titanium,InactiveLavaZone_Chamber_MagmaTree,1,1.2
c66b5dfa-7fe9-4688-b165-d2e2f4caa8d9,WorldEntities/Natural/Titanium.prefab,Titanium,InactiveLavaZone_LavaPit_Wall,1,0.3
3c5bd4db-953d-4d23-92be-f5a3b76b2e25,WorldEntities/Natural/gold.prefab,Gold,InactiveLavaZone_Chamber_MagmaBubble,1,2
3c5bd4db-953d-4d23-92be-f5a3b76b2e25,WorldEntities/Natural/gold.prefab,Gold,InactiveLavaZone_LavaPit_Floor,1,0.3
439b4b17-2f86-4706-8abd-8d2f68df782b,WorldEntities/Natural/silver.prefab,Silver,InactiveLavaZone_Chamber_Lava,1,1
b334fbb1-224b-4082-bb69-d4a39051aaca,WorldEntities/Natural/Lead.prefab,Lead,InactiveLavaZone_LavaPit_Wall,1,0.15
1efa1a20-3a39-4f56-ace0-154211d6af12,WorldEntities/Natural/drillable/DrillableLead.prefab,DrillableLead,SparseReef_Sand,1,0.06
1efa1a20-3a39-4f56-ace0-154211d6af12,WorldEntities/Natural/drillable/DrillableLead.prefab,DrillableLead,BloodKelp_Floor,1,0.03
1efa1a20-3a39-4f56-ace0-154211d6af12,WorldEntities/Natural/drillable/DrillableLead.prefab,DrillableLead,BloodKelp_TrenchFloor,1,0.1
1efa1a20-3a39-4f56-ace0-154211d6af12,WorldEntities/Natural/drillable/DrillableLead.prefab,DrillableLead,LostRiverJunction_Ground,1,0.1
1efa1a20-3a39-4f56-ace0-154211d6af12,WorldEntities/Natural/drillable/DrillableLead.prefab,DrillableLead,GhostTree_Ground,1,0.06
1efa1a20-3a39-4f56-ace0-154211d6af12,WorldEntities/Natural/drillable/DrillableLead.prefab,DrillableLead,InactiveLavaZone_Corridor_Floor_Far,1,0.06
1efa1a20-3a39-4f56-ace0-154211d6af12,WorldEntities/Natural/drillable/DrillableLead.prefab,DrillableLead,InactiveLavaZone_Chamber_Floor_Far,1,0.06
1efa1a20-3a39-4f56-ace0-154211d6af12,WorldEntities/Natural/drillable/DrillableLead.prefab,DrillableLead,CrashZone_Sand,1,0.03
1efa1a20-3a39-4f56-ace0-154211d6af12,WorldEntities/Natural/drillable/DrillableLead.prefab,DrillableLead,DeepGrandReef_Ground,1,0.05
1efa1a20-3a39-4f56-ace0-154211d6af12,WorldEntities/Natural/drillable/DrillableLead.prefab,DrillableLead,Mountains_Sand,1,0.05
c129d979-4f68-41d8-b9bc-557676d18a5a,WorldEntities/Tools/TimeCapsule.prefab,TimeCapsule,GrassyPlateaus_Sand,1,0.0025
c129d979-4f68-41d8-b9bc-557676d18a5a,WorldEntities/Tools/TimeCapsule.prefab,TimeCapsule,SparseReef_Sand,1,0.003
c129d979-4f68-41d8-b9bc-557676d18a5a,WorldEntities/Tools/TimeCapsule.prefab,TimeCapsule,SparseReef_DeepFloor,1,0.05
c129d979-4f68-41d8-b9bc-557676d18a5a,WorldEntities/Tools/TimeCapsule.prefab,TimeCapsule,MushroomForest_Grass,1,0.01
c129d979-4f68-41d8-b9bc-557676d18a5a,WorldEntities/Tools/TimeCapsule.prefab,TimeCapsule,KooshZone_Grass,1,0.003
c129d979-4f68-41d8-b9bc-557676d18a5a,WorldEntities/Tools/TimeCapsule.prefab,TimeCapsule,Mountains_Grass,1,0.012
c129d979-4f68-41d8-b9bc-557676d18a5a,WorldEntities/Tools/TimeCapsule.prefab,TimeCapsule,Dunes_SandDune,1,0.01
c129d979-4f68-41d8-b9bc-557676d18a5a,WorldEntities/Tools/TimeCapsule.prefab,TimeCapsule,GrandReef_Ground,1,0.005
c129d979-4f68-41d8-b9bc-557676d18a5a,WorldEntities/Tools/TimeCapsule.prefab,TimeCapsule,CrashZone_Sand,1,0.004
c129d979-4f68-41d8-b9bc-557676d18a5a,WorldEntities/Tools/TimeCapsule.prefab,TimeCapsule,BloodKelp_Floor,1,0.004
63e251a6-fb65-454b-84b0-4493e19f73cd,WorldEntities/Natural/copper.prefab,Copper,InactiveLavaZone_Chamber_MagmaTree,1,0.8
6e7f3d62-7e76-4415-af64-5dcd88fc3fe4,WorldEntities/Natural/kyanite.prefab,Kyanite,InactiveLavaZone_CastleTunnel_Wall,1,0.4
6e7f3d62-7e76-4415-af64-5dcd88fc3fe4,WorldEntities/Natural/kyanite.prefab,Kyanite,InactiveLavaZone_CastleChamber_Wall,1,0.3
